frame;faceId;timeStamp;confidence;success; AU01_r; AU02_r; AU04_r; AU05_r; AU06_r; AU07_r; AU09_r; AU10_r; AU12_r; AU14_r; AU15_r; AU17_r; AU20_r; AU23_r; AU25_r; AU26_r; AU45_r; AU01_c; AU02_c; AU04_c; AU05_c; AU06_c; AU07_c; AU09_c; AU10_c; AU12_c; AU14_c; AU15_c; AU17_c; AU20_c; AU23_c; AU25_c; AU26_c; AU28_c; AU45_c;Class
1;;;;;2.44;1.6;0;0;1.66;3.45;0.95;1.64;1.34;1.48;0;0;0;0;3.68;0.83;0;1;1;0;0;1;1;0;1;1;0;0;0;0;0;1;1;0;1;Angry
2;;;;;1.27;0.75;0.1;0.26;1.88;2.59;0.32;1.18;1.2;1.04;0;0.38;0.06;0;3.15;0.4;0.55;1;1;1;0;1;1;0;1;1;1;0;0;0;0;1;1;0;1;Angry
3;;;;;0.68;0.22;0.1;0.26;1.72;2.53;0;1.53;1.1;0.54;0;0.44;0.62;0.15;2.54;0.35;0.55;0;1;0;1;1;1;0;1;1;0;0;0;0;1;1;1;0;0;Angry
4;;;;;1.05;0;0.52;0.26;0.83;1.79;0;0.89;0.82;0.52;0.7;0.4;0.75;0.15;1.99;0.23;0;1;1;0;0;1;1;0;1;1;0;0;0;0;0;1;1;0;1;Angry
5;;;;;1.05;0;0.79;0;0.6;1.96;0;1.33;0.77;1.53;0.7;0.46;0.75;0.15;1.33;0.52;0;1;1;1;0;1;1;0;1;1;0;0;0;0;0;1;1;0;1;Angry
6;;;;;0.82;0;1.68;0;0.5;0.94;0;0.74;0.43;1.53;0.7;0.4;0.2;0;1.19;0.54;0.05;0;0;0;0;0;1;0;1;0;0;0;0;0;0;0;0;0;1;Angry
7;;;;;0.41;0.18;2.22;0;1.52;1.74;0.24;1.85;0.94;1.5;0;0.1;0;0;2.28;0.88;0.06;0;0;0;0;0;0;0;0;0;0;0;0;0;0;0;0;0;1;Angry
8;;;;;0.41;0.18;1.95;0;1.31;0.87;0.24;1.42;0.7;0.49;0;0;0;0;1.56;0.58;0.06;0;0;1;0;0;0;0;0;0;0;0;0;0;0;0;0;0;0;Angry
11;;;;;0.64;0;0.71;0;0.12;0.8;0;0.3;0;0.62;0;0.17;0;0;0;0;0.19;0;0;0;0;0;0;0;0;0;0;0;0;0;0;0;0;0;0;Angry
16;;;;;0;0;0.4;0;0.86;0.81;0.24;1.05;0.32;0.43;0.59;0.14;0.56;0;1.43;0;0;0;0;0;0;0;0;0;1;0;0;0;0;0;0;0;0;0;0;Angry
17;;;;;0;0;1.22;0;1.23;1.25;0.24;1.87;0.42;0.46;0.59;0.21;0.56;0;2.69;0.78;0;0;0;0;0;0;0;0;1;0;0;0;0;0;0;0;0;0;0;Angry
18;;;;;0;0;0.82;0;0.89;1.23;0.24;2.38;0.32;0.46;0.29;1;0.56;0;2.64;1.02;0;0;0;0;0;0;0;0;1;0;0;0;0;0;0;0;0;0;0;Angry
19;;;;;0;0;0.82;0;0.41;0.68;0;1.64;0.13;0.3;0.05;1;0;0;1.7;1.02;0;1;0;0;0;0;1;0;1;0;0;0;0;0;0;0;0;0;0;Angry
22;;;;;0.04;0;0.55;0.2;0.52;1.18;0;1.13;0.48;0.81;0.31;1.16;0.26;0;0.63;2.03;0.08;0;0;0;0;0;0;0;0;0;0;0;0;0;0;0;0;0;0;Angry
23;;;;;0.04;0;0.55;0.2;0.52;1.18;0;1.13;0.48;0.81;0.31;1.16;0.26;0;0.63;2.03;0.08;0;0;0;0;0;0;0;0;0;0;0;0;0;0;0;0;0;0;Angry
26;;;;;0.57;0.21;0.33;0.18;1.2;1.55;0;0.98;0.86;1.54;0.69;0.04;0.77;0.75;1.29;0.18;0;1;0;0;1;0;1;0;0;0;0;1;0;0;0;1;0;0;0;Angry
27;;;;;0.57;0.21;1.22;0.18;1.2;1.65;0;0.98;0.86;2.1;1.89;0.61;0.86;0.88;2.3;1.13;0;0;0;0;0;0;1;0;0;0;0;0;0;0;0;1;0;0;0;Angry
28;;;;;0.84;0.21;1.49;0;1.55;2.16;0.19;1.52;0.88;1.79;1.4;0.58;0.67;0.13;3.58;0.95;0.07;1;0;0;1;0;1;0;1;0;1;1;0;0;0;1;0;0;0;Angry
29;;;;;0.27;0;1.97;0;1.72;1.76;0.65;1.57;0.57;1.57;1.21;0.91;0.67;0.22;2.29;0.96;0.07;1;0;0;1;0;1;0;1;0;1;1;0;1;0;1;1;0;0;Angry
30;;;;;0.61;0;1.33;0;2.13;2.28;0.65;2.32;0.69;1.71;0.02;0.73;0.59;0.18;1.28;0.73;0.07;1;0;0;0;0;1;0;1;0;1;1;0;0;0;1;1;0;0;Angry
31;;;;;0.79;0;1.68;0;1.5;1.71;0.46;2.09;0.38;1.79;0;1.06;0.87;0.18;0.12;1.83;0.06;1;0;1;0;0;1;0;1;0;1;1;0;1;0;1;1;0;0;Angry
32;;;;;0.79;0;1.35;0;1;1.98;0;2.18;0.4;1.79;0.2;1.63;0.87;0.24;0.65;2.5;0.06;1;0;1;0;1;1;0;1;0;1;1;0;0;0;0;1;0;0;Angry
33;;;;;0.45;0;1.92;0;1;2.11;0;1.64;0.31;1.75;0.2;1.23;0.87;0.15;1.45;2.33;0.06;1;0;0;0;0;1;0;1;0;1;0;0;0;0;0;1;0;0;Angry
34;;;;;0;0;1.27;0;1.32;2.46;0.54;1.18;0.31;1.44;0.33;1.31;0;0.15;1.93;1.23;0;1;0;0;0;0;1;0;1;0;1;1;0;0;0;0;1;0;0;Angry
35;;;;;0.46;0.08;1.09;0.15;0.93;1.69;0.54;0.6;0.03;1.19;0.13;0.83;0;0.35;1.4;1.35;0.24;1;0;1;0;0;1;0;1;0;1;1;1;0;0;0;1;0;0;Angry
36;;;;;1.44;0.33;0.26;0.45;0.52;2.1;0.54;0.4;0;0.52;0.48;1.08;0.27;0.35;0.61;1.15;0.24;1;0;1;0;1;1;0;1;0;1;1;1;0;0;0;1;0;0;Angry
37;;;;;1.44;0.33;0.98;0.45;0.77;2.83;0.37;0.88;0.2;0.74;0.36;1.61;0.27;0.4;0.31;1.89;0.24;1;1;1;0;1;1;1;1;0;0;1;1;0;0;0;1;0;0;Angry
38;;;;;0.98;0.26;1.99;0.3;1.31;3.53;0.97;1.2;0.2;0.57;0.71;1.25;0.89;0.05;0.31;1.09;0.15;1;1;1;0;0;1;1;1;0;0;1;1;0;0;0;1;0;0;Angry
39;;;;;0;0;2.02;0.19;1.4;3.15;1.6;1.38;0.2;0.57;1.08;1.95;0.62;0.05;0.8;0.75;0.15;1;1;0;0;0;1;0;0;0;0;1;0;0;0;0;1;0;0;Angry
40;;;;;0.97;0;2;0.19;0.77;2.03;1.23;0.91;0;0;1.46;1.39;1.44;0;0.71;0.87;0.5;0;0;0;0;0;1;0;0;0;0;1;0;0;0;0;0;0;0;Angry
41;;;;;0.97;0;0.99;0.19;0.24;1.34;0.63;0.32;0;0;1.11;1.32;0.82;0;0.71;0.87;0.35;0;0;1;0;0;1;0;0;0;0;1;0;0;0;0;0;0;0;Angry
44;;;;;0.57;0.14;1.74;0;0;0.35;0.18;0;0;0.78;0;0.41;0;0.12;0.85;0;0.31;0;0;1;0;0;0;0;0;0;1;0;0;0;0;0;0;0;0;Angry
45;;;;;0.99;0.25;1.74;0;0.17;0.95;0.18;0;0;0.84;0;1.11;0;0.12;0.85;0;0.34;0;0;1;0;0;0;0;0;0;1;0;0;0;0;0;0;0;0;Angry
46;;;;;0.5;0.12;0.36;0.25;0.39;0.97;0.38;0.36;0;0.89;0.15;0.96;0;0.05;1.36;0.41;0.34;0;0;1;0;0;0;0;0;0;1;0;0;0;0;0;0;0;0;Angry
47;;;;;0.42;0.11;0.56;0.25;0.8;1.07;0.2;0.92;0.41;1.04;0.15;1.83;0.37;0.13;0.79;1;0.03;0;0;1;0;0;0;0;0;0;1;1;0;0;0;0;0;0;0;Angry
48;;;;;0;0;0.56;0.25;0.63;0.47;0.2;0.92;0.41;0.98;0.4;2.32;0.37;0.15;0.79;1.53;0.09;0;0;1;1;1;0;0;1;0;1;1;1;0;1;0;1;0;0;Angry
49;;;;;0;0;1.07;0;0.56;1.19;0;0.66;0.41;0.98;0.25;2.53;0.37;0.88;0.58;1.63;0.18;0;0;0;0;0;0;0;0;0;0;1;1;0;0;0;0;1;1;Angry
50;;;;;0;0;1.53;0;0.47;3.28;0;0.29;0;0.92;0;1.4;0;2.35;0.89;1.52;0.27;0;0;1;1;1;1;0;0;0;0;1;0;1;0;0;1;1;1;Angry
1;;;;;0;0;1.94;0;1.31;2.79;0;1.67;0.66;0;0;0.22;0;0;1.58;0;0;0;0;1;0;1;1;1;1;0;0;0;1;0;1;1;0;0;1;Disgust
2;;;;;0.17;0;1.11;0;1.63;3.53;0.25;1.71;0.76;0.74;0;0.95;0.39;0.13;1.31;0.12;0.18;0;0;1;0;1;1;1;1;1;1;0;1;0;1;1;0;0;0;Disgust
3;;;;;0.17;0;0.56;0;2.1;4.03;0.55;2.03;0.96;1.06;0;0.88;0.39;0.13;1.47;0.12;0.18;0;0;1;0;0;1;0;1;0;0;0;0;1;0;1;0;0;1;Disgust
4;;;;;0.22;0;0.88;0;1.48;3.09;0.31;2.02;0.45;0.61;1.15;0.47;0.85;0.22;1.43;0.28;0.48;0;0;1;0;0;1;1;1;0;0;0;0;0;0;1;0;0;0;Disgust
5;;;;;0.14;0;0.88;0;1.23;2.06;0.31;1.44;0.42;0.61;1.15;0.47;0.62;0.22;0.69;0.15;0.48;0;0;1;0;0;1;0;1;0;0;0;0;0;0;0;0;0;0;Disgust
7;;;;;0.65;0;0.98;0.19;0.18;0.73;0;0.55;0.24;0;0;0;0;0;1.53;0.2;0.7;0;0;1;0;0;1;0;1;0;0;0;0;0;0;0;0;0;0;Disgust
8;;;;;0.65;0;1.18;0.35;0.18;0.73;0;0.77;0.36;0;0;0;0;0;2.01;0.25;0.7;0;0;1;0;0;1;0;1;0;0;0;0;0;0;0;0;0;0;Disgust
9;;;;;0.15;0;1.04;0.16;0.39;1.56;0.08;1.09;0.36;0.26;0;0.76;0;0;1.52;1.35;1.99;0;0;1;0;0;1;0;1;0;0;0;0;0;0;1;1;0;0;Disgust
10;;;;;0;0;1;0.16;0.44;1.91;0.08;0.99;0.65;0.74;0;0.76;0;0.1;1.21;1.66;1.54;0;1;1;0;0;1;0;1;0;0;0;0;0;0;1;1;0;0;Disgust
11;;;;;1.03;0.4;0.8;0.45;0.44;2.32;0.08;1.19;0.78;0.74;0;0.95;0;0.23;1.14;1.94;1.54;0;1;1;0;0;1;0;1;0;0;0;0;0;0;1;1;0;0;Disgust
12;;;;;1.03;0.4;0.83;0.45;0.22;1.84;0;1.63;0.78;0.49;0;0.88;0;0.6;0.99;1.38;0.25;0;1;1;0;0;0;0;1;0;0;1;0;0;0;1;1;0;0;Disgust
13;;;;;1.03;0.4;1.1;0.57;0.12;0.97;0;1.65;0.26;0;0.12;1.39;0.08;0.57;0.41;1.07;0;0;1;1;0;0;0;0;1;0;0;1;0;0;0;1;1;0;0;Disgust
14;;;;;0;0;1.11;0.12;0.51;1.28;0.04;1.73;0.07;0.08;0.12;1.25;0.08;0.44;0.79;0.74;0;0;1;1;0;0;0;0;1;0;0;1;0;0;0;0;0;0;0;Disgust
15;;;;;0;0.12;1.35;0.12;0.7;0.72;0.04;0.92;0.26;0.18;0.67;0.86;1.01;0.59;1.31;0.13;0;0;1;1;0;0;0;0;1;0;0;1;0;0;0;0;0;0;0;Disgust
16;;;;;0;0.12;1.3;0;1.06;1.72;0.04;1.43;0.28;0.24;0.62;0.76;0.93;0.54;1.39;0.42;0;0;0;1;0;0;0;0;1;0;0;1;0;0;1;0;0;0;0;Disgust
17;;;;;0;0.12;1.28;0;0.67;1;0;0.92;0.21;0.16;0.62;0.71;0.93;0.54;0.6;0.42;0;0;0;1;0;0;0;0;1;0;0;1;0;0;1;0;0;0;0;Disgust
19;;;;;0.1;0;0.97;0;0.36;1.05;0;1.06;0;0.29;0.92;1.35;0.53;0;0.11;1.5;1.39;0;1;1;0;0;1;0;1;0;0;1;1;1;0;0;0;0;0;Disgust
20;;;;;0.93;0.22;0.97;0;0.8;1.89;0;1.8;0.33;0.54;0.92;1.97;1.05;0;0.11;1.58;1.73;0;1;1;0;0;1;0;1;0;0;1;1;0;0;0;0;0;0;Disgust
21;;;;;2.45;1.16;0.57;0.86;0.49;1.4;0;1.47;0.38;0.82;0;0.91;0.52;0;0.97;1.3;1.73;1;1;1;0;0;1;0;1;0;0;1;1;0;0;0;0;0;0;Disgust
22;;;;;3.7;1.84;0;0.86;0.89;2.04;0;2.23;1.16;0.99;0.15;0.66;0.52;0;1.64;0.47;0.33;1;1;1;0;0;1;0;1;0;0;1;1;0;0;0;0;0;0;Disgust
23;;;;;3.41;1.62;0.94;0.86;0.53;1.79;0;1.69;0.83;0.95;0.91;0.68;0.15;0;2.02;1.04;0;1;1;1;0;0;1;0;0;0;0;1;1;0;0;0;0;0;0;Disgust
24;;;;;1.8;0.68;1.67;0;1;2.37;0.53;1.59;0.77;0.67;1.22;1.29;0.15;0;1.04;1.01;0.05;1;1;1;0;1;1;0;1;0;0;1;1;0;0;0;0;0;0;Disgust
25;;;;;0.54;0;3.27;0;0.61;2.29;0.53;0.65;0;0.2;1.07;1.35;0.15;0;0.8;1.56;0.5;1;1;1;0;0;1;0;1;0;0;1;0;0;0;0;0;0;0;Disgust
26;;;;;0;0;3.11;0;0.95;2.35;0.82;1.14;0;0;0.71;1.67;0;0;0.94;1.13;0.71;1;0;1;0;0;1;0;0;0;0;1;1;0;0;0;0;0;0;Disgust
27;;;;;0;0.39;2.68;0;0.74;1.57;0.63;1.68;0.25;0.38;0.4;1.16;0;0.69;1.08;1.69;0.66;1;0;1;0;0;1;0;0;0;0;1;1;0;0;1;1;0;0;Disgust
28;;;;;0;0.39;2.33;0;0.73;0.88;0.63;1.75;0.25;0.38;0.97;1.86;0.4;0.69;1.07;2.42;0.33;0;0;1;0;0;1;0;0;0;0;0;1;0;0;0;1;0;0;Disgust
29;;;;;0.28;0.98;2.19;0;0.55;1.81;0.35;1.4;0.31;0.38;0.57;1.14;0.4;0.69;0.67;3.08;0.12;0;0;1;0;0;1;0;0;0;0;0;0;0;0;0;1;0;0;Disgust
30;;;;;0.28;0.6;1.89;0;0.24;1.81;0;0.45;0.06;0;0.57;0.98;0.4;0;0.52;2.36;0.12;0;0;1;0;0;1;0;0;0;0;0;1;0;0;0;0;0;0;Disgust
33;;;;;1.67;1.67;1.3;0.34;0.92;1.05;0;1.33;0.27;0.11;0.44;0.74;0.26;0;0.43;0.26;0;0;0;0;0;0;0;0;0;0;0;0;0;0;0;0;0;0;0;Disgust
34;;;;;1.67;1.67;1.3;0.34;0.92;1.05;0;1.33;0.27;0.11;0.44;0.74;0.26;0;0.43;0.26;0;0;0;0;0;0;0;0;0;0;0;0;0;0;0;0;0;0;0;Disgust
37;;;;;0;0;1.79;0;1.4;1.34;0.16;1.7;0.39;1.15;0.88;0.36;0.72;0.36;1.02;0;0;0;0;1;0;0;1;0;1;0;0;0;0;0;0;0;0;0;0;Disgust
38;;;;;0.23;0;2.25;0;1.82;1.98;0.16;2.13;0.68;1.15;1.03;0.78;0.72;0.36;1.65;0;0;0;0;1;0;1;1;0;1;0;0;0;0;0;0;0;0;0;0;Disgust
39;;;;;0.23;0;1.47;0;1.77;2.76;0.12;1.67;0.81;1.4;0.77;1.42;0.72;0.36;0.68;0;0.62;0;1;1;0;1;1;0;1;0;0;0;1;0;0;0;0;0;0;Disgust
40;;;;;0.75;0.34;1.26;0;1.61;3.61;0.12;0.99;0.57;0.78;0.15;1.32;0;0;0.63;0;0.92;0;1;1;0;1;1;0;1;0;0;0;1;0;0;0;0;0;0;Disgust
41;;;;;1.56;1.23;1.2;0.01;1.19;3.17;0.12;1.17;0.92;1.01;0;1.43;0;0.49;0;0;0.92;1;1;1;0;1;1;0;1;0;1;0;1;0;0;0;0;0;0;Disgust
42;;;;;1.56;1.23;1.44;0.01;1.39;2.89;0.28;1.94;0.91;0.65;0.22;1.39;0.45;0.49;0.58;0.24;0.3;0;1;1;0;1;1;0;1;0;1;0;1;0;0;0;0;0;0;Disgust
43;;;;;1.12;0.89;0.96;0.01;1.27;1.58;0.28;2.27;1.34;1.31;0.71;1.18;0.45;0.49;0.69;0.24;0;0;0;1;0;0;1;0;1;0;1;0;0;0;0;0;0;0;0;Disgust
44;;;;;0.08;0;0.57;0;1.27;1.38;0.28;1.65;0.7;1.08;0.71;0.66;0.45;0;0.69;0.24;0;0;1;1;0;0;1;0;1;0;1;0;0;0;0;0;0;0;0;Disgust
47;;;;;0;0;0.21;0.22;0.51;0.87;0;0.6;0;0.35;0.06;2.27;0;1.86;0;0.46;0.78;0;0;1;0;0;1;0;0;0;0;0;0;0;0;0;0;0;0;Disgust
48;;;;;0;0;0.93;0.22;0.51;1.74;0;0.6;0;0.7;0.12;2.27;0.24;3.25;0;1.2;0.78;0;0;1;0;0;1;0;0;0;0;0;1;0;0;0;0;0;0;Disgust
49;;;;;0.02;0;1.68;0.22;0.58;2.23;0.08;0.71;0.17;0.47;0.12;1.5;0.43;2.33;0.22;1.19;0.67;0;0;1;0;0;1;0;0;0;1;0;0;1;0;1;1;0;0;Disgust
50;;;;;0.05;0;2.89;0;1.75;3.03;0.23;2.1;0.5;0.36;0;1.1;0.57;0;0.66;0.61;0;0;0;1;0;1;1;1;1;0;0;1;0;1;1;0;1;0;1;Disgust
13;;;;;1.27;0;0.31;0;1;0.68;0;0.98;1.56;1.02;0.32;0.62;0.03;0.95;0.38;0.56;0;0;0;0;0;0;0;0;0;0;0;0;0;0;0;0;0;0;0;Fear
14;;;;;1.87;0.23;0.41;0.55;1;1.14;0;0.98;1.56;1.02;0.69;1.05;0.67;0.95;0.97;0.92;0.17;0;0;0;1;0;0;0;0;0;1;0;0;1;0;0;0;0;0;Fear
15;;;;;1.14;0.23;0.73;0.55;0.7;0.86;0;0.49;1.25;1.11;0.37;0.76;0.96;0.85;1.16;1.64;0.87;0;0;0;1;0;0;0;1;0;1;0;0;1;0;0;0;0;0;Fear
16;;;;;0.97;0.23;1.2;0.55;0.26;0.57;0;0.54;0.29;1.46;0.37;1.34;1.48;0;1.42;2.23;0.87;0;0;1;1;0;0;0;1;0;1;0;0;1;0;0;0;0;0;Fear
17;;;;;0.37;0;1.48;0;0.37;0.59;0.67;0.87;0.29;1.49;0;1.61;0.85;0;1.08;2.75;1.1;0;0;1;1;0;0;0;1;0;0;0;0;1;0;0;0;0;0;Fear
18;;;;;0.37;0;0.92;0.36;0.37;0.56;0.67;1.11;0.29;0.83;0;1.54;0.56;0;1.05;1.8;0.41;0;0;1;1;0;0;0;1;0;0;0;0;0;0;1;0;0;0;Fear
19;;;;;0;0;0.45;0.36;0.82;0.69;0.67;1.36;1.17;0.04;0.14;1.99;0;0.66;0.79;1.21;0.41;0;0;1;1;0;0;0;1;0;0;0;0;0;0;1;1;0;0;Fear
20;;;;;0;0;0.23;1.06;0.77;0.2;0;1.79;1.56;0.21;0.14;1.3;0;0.66;1.42;0.63;0;0;0;1;1;0;0;0;1;0;0;0;1;0;0;1;0;0;0;Fear
21;;;;;0.32;0.09;0.4;0.71;0.77;0.33;0;1.34;1.56;0.42;0.14;1.3;0;0.66;1.46;0.93;0.16;0;0;1;1;0;0;0;1;0;0;0;0;0;0;1;0;0;0;Fear
22;;;;;1.2;0.22;0.4;0.71;0.06;0.14;0;0.79;0.53;0.42;0;1.03;0;0.07;1.46;0.93;0.16;0;0;0;1;0;0;0;0;0;0;0;0;0;0;0;0;0;0;Fear
23;;;;;1.2;0.22;0.24;0;0;0.14;0;0.03;0.15;0.22;0;1.03;0;0.07;0.58;0.64;0.16;0;0;0;1;0;0;0;0;0;0;0;0;0;0;0;0;0;0;Fear
26;;;;;0;0.1;0.96;0;0;0;1.39;0.08;0;0.54;0.58;0.17;0;0;1.3;0;0.53;0;0;0;0;0;0;0;0;0;0;0;0;0;0;1;0;0;0;Fear
27;;;;;0.79;0.1;1.24;0;0;0.47;1.39;0.08;0;0.54;1.01;0.17;0.03;0;2.17;0.35;0.64;0;0;0;0;0;0;0;0;0;0;0;0;0;0;1;0;0;0;Fear
28;;;;;0.79;0;0.57;0;0;0.52;0.84;0.54;0.49;0.43;1.55;0;0.03;0;2.26;0.35;0.1;0;0;0;0;0;0;0;0;0;0;0;0;0;0;1;0;0;0;Fear
29;;;;;0.79;0;0.28;0;0;0.52;0;0.54;0.49;0;1.13;0;0.03;0;1.76;0.35;0.1;0;0;0;0;0;0;0;0;0;0;0;0;0;0;1;0;0;1;Fear
32;;;;;0.84;0;0.6;0.01;0.42;0;0;0.23;0.96;0;0.33;1.04;0;0.16;0.76;0;0;0;1;0;1;0;0;0;1;0;0;0;0;0;0;0;0;0;0;Fear
33;;;;;1.09;0;0.6;0.01;0.42;0;0;0.33;0.96;0;0.61;1.7;0.26;0.16;1.13;0.88;0;0;0;0;0;0;0;0;1;0;0;0;0;1;0;0;0;0;0;Fear
34;;;;;1.05;0;0.6;0.01;0.63;0.71;0.29;0.94;0.31;0.07;1.16;1.17;0.77;0;2.08;1.03;0.34;0;1;0;1;0;0;0;1;0;0;0;0;1;0;0;0;0;1;Fear
35;;;;;0.25;0;0.1;0;1.01;1.46;0.29;1.44;0.5;0.69;1.16;1.36;0.77;0.15;1.45;1.69;0.69;1;1;0;1;0;0;0;1;0;0;0;0;1;0;0;0;0;1;Fear
36;;;;;1;0.81;0.1;0.41;1.01;1.46;0.29;1.34;0.5;0.86;0.88;0.7;0.5;0.15;1.82;1.1;0.75;1;1;0;0;0;0;0;1;0;0;1;0;1;0;0;0;0;1;Fear
37;;;;;1.6;0.81;0.59;0.41;0.9;1.44;0;0.87;0.57;1.46;0.56;0.63;0;0.15;2.19;0.96;0.58;0;1;0;0;0;0;0;1;0;0;1;0;1;0;0;0;0;1;Fear
38;;;;;2.46;0.81;0.49;0.41;0.4;0.7;0;0.79;0.38;0.87;1.18;1.21;0.07;0.19;2.06;0.54;0.23;0;1;0;0;0;0;0;1;0;0;1;0;1;0;0;0;0;1;Fear
39;;;;;1.46;0;0.49;0.32;0.4;0.92;0;0.79;0.38;0.75;1.87;2.33;0.31;0.54;1.33;0.77;0.16;0;1;0;0;1;0;0;1;0;0;1;0;0;0;0;0;0;1;Fear
40;;;;;0.86;0;0;0.32;0.33;0.32;0.05;0.5;0.05;0.54;1.3;3.79;0.45;1.69;0;0.77;0;0;1;0;1;0;0;0;1;0;0;1;1;0;0;0;0;0;0;Fear
41;;;;;0;0;1.11;0.32;0.96;1.94;0.6;0.68;0.36;1.29;0.69;3.23;0.38;1.51;0.62;1.49;0.23;0;1;0;1;0;0;0;1;0;0;1;1;0;0;0;0;0;0;Fear
42;;;;;0.64;0.77;1.11;0;0.96;1.73;0.69;1.39;0.46;1.45;0.15;3.29;0.14;1.16;0.71;1.37;0.23;0;1;0;1;0;0;0;0;0;0;1;1;0;0;0;0;0;0;Fear
43;;;;;0.64;0.92;1.11;0;0.63;1.63;0.65;1.58;0.48;1.29;0.15;1.67;0;0;1;1.8;0.23;0;1;0;1;0;0;0;0;0;0;0;1;0;0;0;0;0;0;Fear
44;;;;;1.13;0.92;0.03;0;0;0.48;0.13;1.34;0.17;0.5;0.15;1.45;0;0;0.38;1.23;0.14;0;1;0;1;0;0;0;1;0;1;0;0;0;0;0;0;0;0;Fear
45;;;;;0.49;0.15;0.03;0;0.22;1.11;0.03;0.9;0.55;0.68;0;0.94;0;0.35;0.3;1.93;0.14;0;1;0;1;0;0;0;1;0;0;0;0;0;0;0;0;0;0;Fear
46;;;;;0.49;0;0.59;0;0.81;1.78;0.86;1.62;1.02;0.96;0;1.23;0;0.35;1.07;2.43;1.57;0;1;0;1;0;0;0;0;0;0;0;0;0;0;0;0;0;0;Fear
47;;;;;0;0.03;0.56;0;0.97;1.31;0.83;1.27;1.15;0.96;0.22;1.02;0.35;0.35;2.11;3.35;1.43;0;1;0;1;0;0;0;0;0;0;0;0;0;0;0;0;0;0;Fear
48;;;;;0;0.03;0.77;0;0.75;1.48;1.12;1;0.67;0.57;0.22;1.42;0.35;0.49;2.11;3.65;1.43;0;1;0;1;0;0;0;0;0;0;0;0;1;0;1;1;0;0;Fear
49;;;;;0;0.03;0.2;0;0.17;1.08;0.3;0;0.14;0;0.22;1.23;0.35;0.49;1.04;2.72;0;0;0;1;0;0;1;1;0;0;0;0;1;0;1;0;0;0;1;Fear
50;;;;;0;0;0;0;0;0.82;0;0;0.01;0;0;0.44;0;0;0;0;0;0;0;0;1;0;0;0;0;0;0;0;0;1;0;0;0;0;0;Fear
1;;;;;0;0.16;0.43;0;3.32;2.03;0;3.8;3.42;3.02;0;0.45;0.86;0;2.11;1.15;0.34;1;1;0;0;1;1;0;1;1;1;0;0;1;0;1;1;0;0;Happy
2;;;;;0.4;0.05;0.61;0.45;2.37;2.19;0;2.41;2.16;1.58;0.34;1.4;0.35;0;2.06;1.43;0.24;0;1;1;0;1;1;0;1;1;0;0;0;0;0;1;1;1;0;Happy
3;;;;;0.4;0.12;0.49;0.5;2.01;1.94;0;2.1;1.98;1.15;0.61;1.71;0.39;0.06;1.88;1.05;0.13;1;1;0;1;1;1;0;1;1;0;1;1;0;1;0;1;0;0;Happy
4;;;;;0.4;0.12;0.34;0.05;2.22;2.02;0;1.8;2.45;1.03;0.61;1.98;0.38;0.3;0.94;1.19;0.1;0;1;0;0;1;1;0;1;1;0;0;0;0;0;1;1;0;0;Happy
5;;;;;0;0.12;0.18;0.05;2.27;1.58;0.15;1.75;2.91;0.97;0.27;0.9;0.38;0.3;1.61;1.16;0.08;0;1;0;0;1;1;0;1;1;0;0;0;0;0;0;1;0;0;Happy
6;;;;;0;0;0.16;0;2.27;2.69;0.55;1.17;2.56;0.75;0;0.44;0.38;0.29;1.16;1.16;0.11;1;1;0;0;1;1;0;1;1;0;0;0;0;0;0;1;0;0;Happy
7;;;;;0;0;0;0;1.55;1.94;0.55;0.93;2.15;1.04;0.07;0.19;0.47;0.41;0.94;1;0.11;0;1;0;0;1;1;0;1;1;1;0;0;0;0;0;0;0;0;Happy
8;;;;;0.93;0.2;0.85;0.15;1.17;2.83;0.39;0.63;1.81;1.42;0.07;0.36;0.47;0.41;0.37;0.83;0.24;0;0;0;0;1;1;0;1;1;1;0;0;1;0;0;0;0;0;Happy
9;;;;;0.93;0.2;1.12;0.15;1.1;1.47;0;0.62;1.94;1.69;0.07;0.52;0.29;0.36;0.29;1.42;0.22;0;0;0;0;1;1;0;1;1;1;0;0;1;0;1;0;0;1;Happy
10;;;;;0.93;0.2;1.12;0.15;2.09;2.58;0;1.38;2.34;1.4;0;0.33;0.16;0;0.89;1.03;0.22;0;0;0;0;1;1;0;1;1;1;0;0;1;0;1;0;0;0;Happy
11;;;;;0.04;0.04;0.48;0;2.83;2.21;0;1.8;3.3;1.55;0;0.15;0.16;0.06;1.18;0.77;0;0;0;0;0;1;1;0;1;1;1;0;0;0;0;0;0;0;0;Happy
12;;;;;0.04;0.1;0.21;0;2.7;2.67;0;2.14;3.72;1.49;0;0.22;0;0.06;1.61;0.56;0;0;0;0;0;1;1;0;1;1;1;0;0;0;0;1;0;0;0;Happy
13;;;;;0.04;0.1;0.3;0;2.33;2.27;0.14;1.85;3.27;1.64;0.41;0.8;0;0.46;1.01;0.86;0;0;0;0;0;1;1;0;1;1;1;0;0;0;0;1;0;0;0;Happy
14;;;;;0;0.06;0.23;0;2.38;2.18;0.14;1.74;2.69;1.59;0.41;0.85;0;0.48;0.8;1.07;0;0;0;0;0;1;1;0;1;1;1;0;0;0;0;1;0;0;0;Happy
15;;;;;0;0;0.38;0;2.75;1.84;0.14;1.77;2.45;1.6;0.41;0.79;0;0.48;0.67;0.92;0;0;0;0;0;1;1;0;1;1;1;1;0;0;0;1;0;0;0;Happy
16;;;;;0.65;0;0.3;0;2.62;2.24;0;2.51;2.71;2.04;0;0.57;0.43;0.08;0.67;0.67;0.31;0;0;0;0;1;1;0;1;1;1;1;1;0;0;1;0;0;0;Happy
17;;;;;1.32;0;0.15;0;2.29;2.49;0.16;3;2.25;2.07;1.51;1.54;1.05;0;0.3;0.52;0.75;0;0;0;0;1;1;0;1;1;1;1;1;0;1;0;0;0;1;Happy
18;;;;;1.61;0;0.97;0;2.47;3.08;0.4;3.67;2.27;1.48;2.83;3.05;1.06;0;0;0.3;0.75;0;0;0;0;1;1;0;1;1;1;1;0;0;1;1;0;0;1;Happy
19;;;;;1.61;0;1.16;0;2.45;2.88;0.66;3.79;2.32;1.36;3.53;3.48;0.63;0;0;0.25;0.64;1;0;0;0;1;1;0;1;1;1;1;1;0;1;0;0;0;1;Happy
20;;;;;0.96;0;1.16;0;2.47;2.27;0.49;3.68;3.03;1.35;2.3;2.45;0.01;0;0.31;0.18;0.93;1;0;0;0;1;1;0;1;1;1;1;1;0;1;1;0;0;1;Happy
21;;;;;0.93;0;0.18;0;1.96;2.51;0.34;3.05;3;1.98;1.2;1.15;0;0;0.81;0.18;0.93;1;0;0;0;1;1;0;1;1;1;1;1;0;1;0;0;0;1;Happy
22;;;;;0.29;0;0.08;0;1.61;1.83;0.1;2.45;2.72;1.4;0.83;0.54;0;0;1.2;0.18;0.73;1;0;0;0;1;1;0;1;1;1;1;0;0;1;0;0;0;1;Happy
23;;;;;1.48;0.25;0.08;0;1.64;2.27;0.1;2.49;2.75;1.42;0.72;0.75;0;0;0.89;0;0.43;0;0;0;0;1;1;0;1;1;1;1;0;0;1;0;0;0;0;Happy
24;;;;;1.85;0.25;0.08;0;1.73;2.14;0.25;2.56;2.65;1.12;0.76;0.39;0;0;0.77;0;1.11;0;0;0;0;1;1;0;1;1;1;1;0;0;1;1;0;0;0;Happy
25;;;;;2.09;0.25;0;0;2.44;3.04;0.22;2.84;2.87;1.43;0.65;0.35;0;0;0.61;0;1.41;0;0;0;0;1;1;0;1;1;1;1;0;0;0;0;0;0;0;Happy
26;;;;;1.17;0;0;0;2.76;3.04;0.79;1.98;2.37;1.06;0.78;0.36;0.25;0;0.89;0;0.98;0;0;0;0;1;1;0;1;1;1;0;0;0;0;1;0;0;0;Happy
27;;;;;0.54;0;0.23;0;2.72;3.18;0.56;1.45;2.46;1.23;0.52;0.44;0.25;0;0.7;0.42;0.29;0;0;0;0;1;1;0;1;1;1;0;0;0;0;1;0;0;0;Happy
28;;;;;0.3;0;0.61;0;2.87;3.03;0.83;1.44;2.6;1.41;0.49;0.96;0.25;0;1.16;0.42;0;0;0;0;0;1;1;0;1;1;1;0;0;0;0;1;0;0;0;Happy
29;;;;;0;0;0.78;0;2.36;2.47;0.31;2.01;3.01;1.79;0.19;0.87;0;0;1.23;0.7;0;0;0;0;0;1;1;0;1;1;1;0;0;0;0;1;0;0;0;Happy
30;;;;;0.86;0.54;0.56;0.29;2.8;2.15;0.31;2.68;3.33;2.67;0.19;0.79;0.24;0;1.68;1.11;0;0;0;0;0;1;1;0;1;1;1;0;1;0;0;1;0;0;0;Happy
31;;;;;0.86;0.54;0.18;0.29;2.24;1.57;0.04;2.08;3.12;2.53;0;0.23;0.24;0;1.74;1.44;0.39;0;0;0;0;1;1;0;1;1;1;0;0;0;0;1;0;0;0;Happy
32;;;;;0.86;0.54;0.76;0.33;2.49;1.74;0.14;2.48;2.55;2.2;0.4;1.65;0.31;0.45;1.39;1.7;0.39;0;0;0;0;1;1;0;1;1;1;0;1;0;0;1;1;0;0;Happy
33;;;;;0;0;0.76;0.04;1.79;0.9;0.14;1.58;2.18;0.97;0.44;1.65;0.07;0.45;1.57;1.33;0.7;0;0;0;0;1;1;0;1;1;1;0;0;0;0;1;1;0;0;Happy
34;;;;;0.58;0.7;1.12;0.7;1.76;1.75;0.14;1.29;1.65;0.94;0.44;1.96;0.07;0.72;1.1;2.11;0.31;0;1;0;0;1;1;0;1;1;1;0;0;0;0;0;1;0;0;Happy
35;;;;;0.58;0.71;0.48;1.62;1.57;1.74;0;0.37;2.05;1.76;0.04;0.4;0;0.86;1.6;1.74;0.31;0;1;0;0;1;1;0;1;1;1;0;0;0;0;1;1;0;0;Happy
36;;;;;1.42;0.71;1.37;1.62;1.39;1.95;0;0.31;1.99;2.02;0.06;0.4;0.29;0.9;0.79;1.28;0;0;1;0;0;1;1;0;1;1;1;0;0;0;0;0;0;0;0;Happy
37;;;;;1.17;0.16;1.01;0.97;1.66;1.04;0;0.74;3.02;2.25;0.07;0.01;0.48;0.63;0.93;0.43;0.05;1;1;0;0;1;1;0;1;1;1;0;0;0;0;0;0;0;0;Happy
38;;;;;1.17;0.16;0.94;0;1.7;0.94;0;0.81;3.02;1.79;0.07;0.23;0.48;0.05;0.42;0.64;0.05;1;1;0;0;1;1;0;1;1;1;0;0;0;0;0;0;0;0;Happy
39;;;;;0.68;0.24;0.05;0;2.07;0.95;0;1.38;3.03;1.57;0.01;0.6;0.19;0;0.75;1;0.05;0;0;0;0;1;1;0;1;1;1;1;0;0;0;0;0;0;0;Happy
40;;;;;0.54;0.08;0.15;0;2.03;1.16;0;1.37;2.79;1.69;0.12;1.06;0;0;0.47;0.74;0;0;0;0;0;1;1;0;1;1;1;1;1;0;0;0;0;0;0;Happy
41;;;;;0.54;0.08;0.09;0;2.2;1.16;0;1.73;3.01;2.08;0.12;1.64;0;0.42;0.47;0.36;0;0;0;0;0;1;1;0;1;1;1;1;1;0;0;0;0;0;0;Happy
42;;;;;0.18;0;0.2;0;2.26;1.59;0.59;1.81;2.93;2.22;0.32;1.58;0;0.42;0.14;0;0.17;0;0;0;0;1;1;0;1;1;1;1;1;0;0;0;0;0;0;Happy
43;;;;;0.09;0;0.26;0;1.85;1.73;0.59;1.42;2.48;1.66;0.2;1.58;0;0.48;0;0.93;0.36;0;0;0;0;1;1;0;1;1;1;1;1;0;0;0;0;0;0;Happy
44;;;;;0.09;0;0.26;0.39;1.78;1.74;0.59;1.73;2.46;0.96;0.2;1.2;0;0.34;0.1;1.62;0.36;0;0;0;0;1;1;0;1;1;1;1;1;0;0;0;0;0;0;Happy
45;;;;;0.65;0;0.49;0.39;2.09;1.84;0;2.15;2.67;1.23;0.42;2.05;0;0.52;0.1;2.11;0.19;0;0;0;0;1;1;0;1;1;1;1;1;0;0;0;0;0;0;Happy
46;;;;;0.56;0;0.7;0.39;2.54;2.53;0;2.67;2.52;1.09;0.42;2.16;0;0.78;0.1;1.76;0;0;0;0;0;1;1;0;1;1;1;1;0;0;0;0;0;0;0;Happy
47;;;;;0.56;0;1.02;0;2.3;2.42;0;1.75;2.25;1.55;0.42;1.74;0;0.5;0.67;1.96;0.53;0;0;0;0;1;1;0;1;1;1;1;0;0;0;0;0;0;0;Happy
48;;;;;0.21;0.31;0.68;0;2.38;2.5;0;1.37;2.78;1.36;0;0.67;0;0.31;0.79;1.71;0.53;0;0;1;0;1;1;0;1;1;1;0;0;0;0;1;1;0;0;Happy
49;;;;;0.21;0.31;0.33;0;2.21;1.37;0;0.82;2.5;1.74;0;0.54;0.51;0.61;0.85;1.96;0.53;1;1;0;0;1;1;0;1;1;1;0;0;0;0;0;0;0;0;Happy
50;;;;;0;0;0;0;1.89;0.68;0;0.33;0.8;1.57;0;1.35;1.54;1.84;0.17;2.47;0;0;0;0;0;1;0;0;0;1;1;1;0;1;0;0;0;1;0;Happy
1;;;;;0;0;0.43;0;0.14;0;0;0;0.25;0;0;0;0;0;0.96;0;0;0;0;0;0;1;0;1;1;1;1;0;0;1;0;0;0;0;1;Neutral
2;;;;;0.35;0;0.14;0;0.05;0;0;0.14;0.08;0;0;0.85;0;0.2;0.55;0.45;0.56;0;0;0;0;0;1;0;0;0;0;1;1;0;0;0;0;0;1;Neutral
3;;;;;0.4;0.14;0.49;0;0.29;0.11;0.03;0.14;0;0.04;0;0.85;0;0.2;0.35;0.45;0.79;1;1;0;0;0;0;0;0;0;0;0;0;0;0;1;1;0;0;Neutral
4;;;;;0.4;0.14;1.08;0;0.38;0.11;0.03;0;0.06;0.13;0;0.16;0;0;0.35;0.84;0.71;1;1;0;0;0;0;0;0;0;1;0;0;0;0;0;0;0;0;Neutral
5;;;;;0.26;0.14;1.08;0.37;0.4;0.11;0.03;0.28;0.06;0.5;0;0.58;0.15;0.01;0.11;0.47;0.33;1;1;0;0;0;0;0;0;0;0;0;0;0;0;0;0;0;0;Neutral
6;;;;;0.73;0.83;0.64;0.37;0.11;0.26;0.02;0.28;0.13;0.8;0.15;0.58;0.15;0.01;0.33;0.47;0.09;1;1;0;0;0;0;0;0;0;0;0;0;0;0;0;0;1;0;Neutral
7;;;;;0.73;0.83;0.2;0.37;0.49;0.66;0.02;0.78;0.06;0.93;0.63;2.09;1.01;0.64;0.33;0.35;0;0;1;0;0;0;0;0;0;0;0;0;0;0;0;0;0;1;0;Neutral
8;;;;;0.52;0.83;0.2;0;0.59;0.66;0.02;0.65;0.17;0.65;0.63;1.91;0.86;0.63;0.33;0.27;0;0;1;0;0;0;0;0;0;0;0;1;0;0;0;0;0;1;0;Neutral
9;;;;;0;0;0.16;0;0.59;0.46;0;0.65;0.11;0.32;0.47;1.91;0.86;0.63;0.15;0.58;0.29;0;1;0;0;0;0;0;0;0;0;1;0;0;0;0;0;0;0;Neutral
10;;;;;0;0;0;0;0.27;0.26;0.11;0.42;0.33;0.33;0.13;0.54;0.02;0;0.15;0.31;0.6;0;1;0;0;0;0;0;0;0;1;1;0;1;0;0;0;0;0;Neutral
11;;;;;0.17;0;0;0.28;0.22;0.35;0.27;0.62;0.52;0.7;0.59;0.79;0.83;0.23;0.49;0.31;0.6;0;1;0;0;0;0;0;0;0;1;1;0;1;0;0;0;0;0;Neutral
12;;;;;0.17;0;0;0.28;0.73;0.44;0.56;0.78;1.01;1.3;0.88;0.98;0.83;0.69;0.34;0.79;0.31;0;0;0;0;0;0;1;0;0;1;1;0;1;0;0;0;0;0;Neutral
13;;;;;0.76;0.45;0;0.28;0.59;0.24;0.45;0.62;0.93;1.83;1.67;0.76;1.17;0.69;0.54;1.14;0;0;0;0;0;0;0;1;0;0;1;1;0;1;0;0;0;0;0;Neutral
14;;;;;0.58;0.45;0;0;0.51;0.15;0.29;0.67;0.76;1.68;1.21;0.26;0.36;0.47;0.53;1.84;0;0;0;0;0;0;0;1;0;0;1;1;0;1;0;0;0;0;0;Neutral
15;;;;;0.58;0.45;0;0.12;0;0;0;0.5;0.27;1.28;1.19;0.07;0.36;0;0.53;1.05;0;0;0;0;0;0;0;1;0;0;1;1;0;0;0;1;0;0;0;Neutral
16;;;;;0;0.31;0;0.3;0;0;0;0.4;0.13;0.52;0.27;0.25;0;0.09;0.83;0.89;0.16;0;1;0;1;0;0;0;0;0;0;1;0;0;0;0;0;0;0;Neutral
17;;;;;0.03;0.31;0.09;0.54;0;0;0;0;0;0.21;0.57;0.51;0;0.24;0.99;0.66;0.16;0;1;0;1;0;0;0;0;0;0;0;0;0;0;0;0;0;0;Neutral
18;;;;;0.22;0.47;0.09;1.1;0;0;0;0;0;0;0.3;0.55;0;0.24;1.29;1.26;0.16;0;1;0;1;0;0;0;0;0;0;0;0;0;0;0;0;0;0;Neutral
19;;;;;0.22;0.16;0.09;0.92;0.02;0.12;0;0.01;0;0;0.3;0.3;0.21;0.33;1.04;1.1;0;0;1;0;1;0;0;0;0;0;0;1;0;0;0;0;0;0;0;Neutral
20;;;;;0.2;0.16;0.51;0.68;0.4;0.47;0;0.05;0;0.69;0.03;0.83;0.45;0.56;0.61;0.96;0;0;1;0;1;0;0;0;0;0;0;0;0;1;0;0;0;0;0;Neutral
21;;;;;0;0;0.69;0;0.4;0.5;0;0.05;0.2;1.32;0.64;2.36;0.73;1.39;0.31;0.87;0.13;0;0;0;1;0;0;0;0;0;0;0;0;1;0;0;0;0;0;Neutral
22;;;;;0.1;0;0.69;0;0.39;0.38;0;0.05;0.2;1.32;0.64;2.68;0.52;1.39;0.06;0.99;0.25;0;0;0;1;0;0;0;0;0;0;0;0;1;0;0;0;0;0;Neutral
23;;;;;0.1;0;0.18;0;0;0.36;0;0;0.2;0.64;0.79;2.03;0.29;1.01;0.06;0.66;0.6;0;0;0;0;0;0;0;0;0;0;0;1;1;0;0;0;0;1;Neutral
24;;;;;0.1;0;0;0;0.26;0.66;0.12;0.39;0.15;0.12;0.52;1.76;0.47;0.18;0.3;0.15;0.48;0;0;0;0;0;0;0;0;0;1;1;1;1;0;0;0;0;1;Neutral
25;;;;;0;0;0;0;0.41;1.56;0.16;0.45;0.15;0.12;0.52;1.81;0.47;0;0.65;0.76;0.35;0;1;0;0;0;0;0;0;0;1;0;0;0;0;0;0;0;1;Neutral
26;;;;;0.28;0.28;0.12;0;0.41;1.24;0.16;0.48;0.36;0.29;0.5;1.91;0.47;0;0.62;0.76;0.01;0;1;0;0;0;0;0;0;0;0;0;0;0;0;1;0;0;1;Neutral
27;;;;;0.47;0.43;0.12;0.18;0.34;0.92;0.15;0.09;0.37;0.38;0.34;0.92;0.04;0;0.77;0.76;0;0;1;0;0;0;0;0;0;0;0;0;0;0;0;1;0;0;1;Neutral
28;;;;;0.8;0.61;0.12;0.18;0.19;0.12;0.12;0.29;0.37;0.38;0.34;0.6;0.04;0;1.08;0.33;0;0;1;0;0;0;0;0;0;0;0;0;1;0;0;1;0;0;1;Neutral
29;;;;;0.72;0.33;0.24;0.18;0.19;0.83;0.12;0.26;0.15;0.2;0.18;0.97;0.04;0;1.29;0.67;0;0;1;0;0;0;1;0;0;0;0;0;1;0;0;1;0;0;1;Neutral
30;;;;;0.53;0.18;0.67;0;0.43;1.23;0.35;0.49;0.21;0.36;0.28;2.18;0;0.13;0.9;0.69;0;0;1;0;0;0;0;0;0;0;0;0;1;0;0;0;0;0;1;Neutral
31;;;;;0.19;0;0.67;0;0.78;1.8;0.65;0.81;0.66;0.36;0.71;3;0.28;0.13;0.31;0.36;0;0;1;0;0;0;0;0;0;0;0;0;1;0;0;0;0;0;1;Neutral
32;;;;;1.05;0.2;0.43;0;0.78;1.33;0.65;1.39;0.68;0.91;0.71;2.74;0.68;0.13;0.52;0.31;0;0;1;1;0;0;1;0;0;0;0;0;1;0;0;0;0;0;1;Neutral
33;;;;;1.05;0.2;0;0;0.35;1.22;0.32;1.16;0.47;0.55;0.43;1.94;0.9;0.13;0.66;0.28;0;0;1;1;0;0;1;0;0;0;0;1;1;0;0;0;0;0;1;Neutral
34;;;;;1.06;0.2;0.31;0;0.44;1.39;0.02;1.08;0.31;0.94;0;1.78;0.62;0.13;0.69;0.61;0.09;0;0;1;0;0;1;0;0;0;0;1;1;0;0;0;0;0;1;Neutral
35;;;;;0.02;0;0.39;0;0.46;1.64;0.02;0.5;0.28;0.72;0;1.81;0.22;0.17;0.46;0.65;0.36;0;1;0;0;0;0;0;0;0;0;0;1;0;0;0;0;0;1;Neutral
36;;;;;0.02;0;0.39;0;0.46;1.77;0;0.51;0.28;0.72;0;1.27;0;0.04;0.64;0.84;0.96;0;1;0;0;0;0;0;0;0;0;0;1;0;0;0;0;0;1;Neutral
37;;;;;0;0.32;0.07;0;0.02;0.92;0;0.01;0.2;0.64;0;0.56;0;0.04;0.53;0.76;1.24;0;0;0;0;0;0;0;0;0;0;0;1;0;0;0;0;0;0;Neutral
38;;;;;0.42;0.32;0;0.35;0;0.42;0;0.01;0.2;0.35;0.15;0.17;0;0;0.32;0.97;1.13;0;0;0;0;0;0;0;0;0;0;0;0;0;0;0;0;0;0;Neutral
39;;;;;0.42;0.32;0;0.35;0.03;0.07;0;0.34;0.2;0.41;0.23;0.59;0.36;0;0.2;1.23;0.53;0;1;0;0;0;0;0;0;0;0;0;0;0;0;0;0;0;0;Neutral
40;;;;;1.4;0;0;0.35;0.03;0.47;0;0.34;0;0.1;0.23;0.59;0.36;0;0.69;1.23;0.17;0;1;0;0;0;0;0;0;0;0;0;0;0;0;0;0;0;0;Neutral
41;;;;;1.1;0;0.36;0;0.22;0.92;0.29;0.34;0.14;0.14;0.08;1.49;1;0.28;0.85;1.19;0;1;1;0;0;0;0;0;0;0;0;0;0;0;0;0;0;0;0;Neutral
42;;;;;1.1;0;0.46;0;0.19;0.84;0.29;0;0.21;0.16;0;1.84;0.63;0.63;0.65;0.74;0;0;1;0;0;0;0;0;0;0;0;0;0;0;0;0;1;0;0;Neutral
43;;;;;1.14;0.43;0.46;0;0.19;0.83;0.29;0;0.48;0.16;0;1.88;0.63;0.63;0.16;1.2;0;0;0;0;0;0;0;0;0;0;0;1;1;0;0;1;1;0;0;Neutral
44;;;;;1.02;0.43;0.11;0;0;0.38;0.06;0;0.44;0.25;0;0.99;0;0.35;0.44;0.84;0;0;1;0;0;0;0;0;0;0;0;0;0;0;0;1;1;0;0;Neutral
45;;;;;1.02;0.43;0.36;0.32;0.06;0.42;0.06;0.01;0.37;0.17;0;0.69;0.1;0.13;0.7;1.6;0.01;0;1;0;1;0;0;0;0;0;0;1;1;0;0;0;1;0;0;Neutral
46;;;;;0.25;0;0.36;0.32;0.06;0.82;0.06;0.01;0.1;0.17;0.23;0.67;0.1;0.13;1.42;1.27;0.42;0;1;0;1;0;0;0;0;0;1;1;1;0;0;1;1;0;0;Neutral
47;;;;;1.02;0;0.36;0.32;0.06;0.82;0;0.39;0.09;0;0.83;1.49;0.1;0.13;1.36;1.44;1.27;0;1;0;0;0;1;0;0;0;0;1;1;0;0;1;1;0;0;Neutral
48;;;;;1.02;0.22;0.52;0;0;0.79;0;0.38;0.39;0.63;0.9;1.74;0.61;0;1.39;0.83;1.26;1;1;0;1;0;0;0;0;0;0;1;1;0;0;0;1;0;1;Neutral
49;;;;;0.77;0.22;0.69;0;0.25;0.06;0.31;0.38;0.39;0.71;1;2.75;0.61;0;0.67;0.45;0.85;0;1;0;0;0;0;0;0;0;1;1;1;1;1;1;0;0;0;Neutral
50;;;;;0;0;0.52;0;0.74;0.18;0.94;0;0;0.22;1.01;3.1;0;0;0;0;0;0;0;0;0;0;1;1;0;0;0;1;1;0;0;0;0;0;1;Neutral
1;;;;;1.47;0;2.41;0.12;1.22;0;0;1.59;2.26;2.57;0;0.51;0;0;0.95;0;0;1;1;1;1;0;0;0;1;1;1;1;1;0;0;0;0;0;0;Sad
2;;;;;0.97;0.26;1.06;0.04;0.58;0.46;0.45;0.98;1.39;1.35;0.61;1.02;0.56;0;1.1;0.34;0.03;1;1;0;0;0;0;0;0;1;0;0;0;0;0;1;0;1;1;Sad
3;;;;;1.14;0.26;1.42;0;0.85;1.01;0.45;1.38;1.1;0.92;0.92;1.21;1.13;0;1.7;1.1;0.23;1;1;1;0;0;1;0;1;0;1;1;1;1;0;0;0;0;0;Sad
4;;;;;1.14;0;1.55;0;1.43;2.25;0.73;2.14;1.28;1.46;0.51;1.08;0.6;0;1.9;1.17;0.3;1;1;1;0;0;0;0;1;1;1;1;1;0;0;0;0;0;1;Sad
5;;;;;0.87;0;1.77;0;2;2.23;0.73;1.99;1.19;1.45;0.31;0.61;1.18;0;2.08;0.91;0.56;0;0;1;0;0;0;0;1;0;0;0;1;0;0;0;0;0;1;Sad
6;;;;;0.2;0;1.09;0;1.33;1.84;0.73;1.07;0.73;1.21;0;0.37;0.61;0;1.16;0.15;0.57;0;0;1;0;0;0;0;1;0;0;0;1;0;0;0;0;0;0;Sad
7;;;;;0.2;0;0.89;0;0.57;0.61;0;0.31;0.27;0.67;0;0.24;0.61;0;0.37;0;0.51;0;0;1;0;0;0;0;0;0;0;0;1;0;0;0;0;0;0;Sad
10;;;;;0;0;1.06;0.53;0;0;0;0;0;0.65;0.11;0.82;0;0.17;0.08;0.2;0;0;0;1;0;0;0;0;0;0;0;0;0;0;0;0;0;0;0;Sad
11;;;;;0;0;1.68;0.53;0;0;0;0;0;0.84;0.11;0.82;0;0.17;0.08;0.2;0.07;0;0;0;0;0;0;0;0;0;0;0;0;0;0;0;0;0;0;Sad
12;;;;;0;0;0.61;0.53;0;0;0;0;0;0.2;0;0.19;0;0;0.08;0.2;0.07;0;0;1;0;0;0;0;0;0;0;0;0;0;0;0;0;0;0;Sad
15;;;;;0;0;0.17;0;0;1.15;0.3;0.39;0;0;0;0.04;0;0.46;0.37;0.34;0.38;0;0;0;0;0;0;0;0;0;0;0;0;0;0;0;0;0;0;Sad
16;;;;;0;0;0.17;0;0;1.52;0.79;0.39;0;0.09;0.01;0.14;0;0.75;0.62;0.64;0.38;0;0;0;0;0;0;0;0;0;0;0;0;0;0;0;0;0;0;Sad
17;;;;;0;0;0.01;0;0.38;1.8;0.79;0.6;0;0.12;0.57;0.99;0.68;1.25;0.24;0.74;0.17;0;0;0;0;0;0;0;0;0;0;0;1;0;0;0;0;0;0;Sad
18;;;;;0;0;0.02;0;0.62;1.69;0.49;0.8;0.44;0.37;0.62;0.99;0.68;0.79;1.45;0.74;0.28;0;0;0;0;0;0;0;0;0;0;0;1;0;0;0;0;0;0;Sad
19;;;;;0.29;0;0.07;0.79;0.63;1.72;0;0.8;0.56;0.28;1.19;1.6;0.68;0.5;1.52;0.45;0.28;0;0;0;0;0;0;0;0;0;1;0;1;0;0;0;0;0;0;Sad
20;;;;;0.29;0.26;0.06;0.98;0.55;1.29;0;0.54;0.8;0.41;0.63;1.27;0.16;0.37;2;0.43;0.21;0;0;0;0;0;0;0;0;0;1;0;1;1;0;0;0;0;0;Sad
21;;;;;0.29;0.26;0.07;0.98;0.48;0.69;0.55;0.06;0.55;0.58;0.62;1.73;0.16;0.4;0.8;0.5;0.11;0;0;0;0;0;0;0;0;0;1;0;1;1;0;0;0;0;0;Sad
22;;;;;0.79;0.26;0.01;0.18;0.47;0.3;0.55;0.06;0.44;1.05;0.04;1.14;0.16;0.4;0.53;0.73;0.36;0;0;0;0;0;0;0;0;0;1;0;1;0;0;0;0;0;0;Sad
23;;;;;0.79;0;0.01;0;0.17;0.28;0.55;0.06;0.2;0.88;0.04;0.59;0;0.03;0.05;0.3;0.25;0;0;0;0;0;0;0;0;0;1;0;1;1;0;0;0;0;0;Sad
26;;;;;1.01;0;0.73;0.13;1.04;1.31;0.16;1.42;0.75;0.64;0.5;2.09;1.12;0;0.69;0.04;0;0;0;0;0;0;0;0;0;0;0;0;0;0;0;0;0;0;0;Sad
27;;;;;1.01;0;0.73;0.13;1.04;1.31;0.16;1.42;0.75;0.64;0.5;2.09;1.12;0;0.69;0.04;0;0;0;0;0;0;0;0;0;0;0;0;0;0;0;0;0;0;0;Sad
30;;;;;0.59;0.55;0.28;0;0.24;0;0;0.2;0.34;0.18;0.17;0.61;0.54;0.52;0.67;0.27;0.09;0;0;0;0;0;0;0;0;0;0;0;0;0;0;0;0;0;0;Sad
31;;;;;0.59;0.55;0.28;0;0.24;0;0;0.2;0.34;0.18;0.17;0.61;0.54;0.52;0.67;0.27;0.09;0;0;0;0;0;0;0;0;0;0;0;0;0;0;0;0;0;0;Sad
34;;;;;0.42;0;0.46;0;1.15;1.06;0.28;0.84;1.03;0.46;0;0.91;0.25;0.52;1.38;0.39;0;0;0;0;0;0;0;0;0;0;0;0;0;0;0;0;0;0;0;Sad
35;;;;;0.81;0;0.74;0;1.15;1.24;0.28;1.06;1.03;0.48;0;1.37;0.25;0.52;1.63;0.46;0;0;0;0;0;0;0;0;0;0;0;0;0;0;0;0;0;0;0;Sad
36;;;;;0.81;0;0.36;0;0.7;0.47;0.01;0.45;0.86;0.38;0;0.47;0;0;1.35;0.46;0;0;0;0;0;0;0;0;0;0;0;0;0;0;0;0;0;0;0;Sad
39;;;;;0.95;0.11;1.1;0;0.67;0.97;0;0.94;0.52;0.64;0.38;0.86;0;0;1.1;0.65;0;0;0;0;0;0;0;0;0;0;0;0;1;0;0;0;0;0;0;Sad
40;;;;;0.95;0.29;1.41;0.3;0.67;0.97;0;0.94;0.52;0.64;0.38;0.86;0;0.06;1.1;0.65;0;0;0;0;0;0;0;0;0;0;0;0;0;0;0;0;0;0;0;Sad
41;;;;;1.19;0.45;1.28;0.3;0.82;1.55;0;0.89;0.97;1.37;0;0.99;0.33;0.06;0.24;0.91;0;0;0;0;0;0;0;0;0;0;0;1;1;0;0;0;0;0;0;Sad
42;;;;;0.85;0.35;0.39;0.3;0.26;0.61;0;0.21;0.52;0.73;0;0.58;0.33;0.14;0.17;1.97;0;1;0;0;0;0;0;0;0;0;0;1;1;0;0;0;0;0;0;Sad
43;;;;;0.85;0.17;0.12;0;0.7;0.83;0;0.39;0.66;0.73;0.28;1.86;0.78;0.74;0.17;2.37;0;1;1;0;0;0;0;0;0;0;0;1;1;0;0;0;0;0;0;Sad
44;;;;;0.59;0;0.05;0;0.43;0.62;0;0.18;0.14;0;0.28;1.27;0.45;0.74;0.6;2.03;0.28;0;1;0;0;0;0;0;0;0;0;1;0;0;0;0;0;0;0;Sad
45;;;;;0.21;0.11;0.05;0.1;0.43;0.62;0;0.18;0.14;0;0.6;1.66;0.45;0.67;0.62;1.11;0.28;0;1;0;0;0;0;0;0;0;0;1;0;0;0;0;0;0;0;Sad
46;;;;;0.21;0.11;0;0.1;0;0.92;0.28;0.26;0;0;1.09;0.5;0;0.01;1.4;1.69;0.4;0;0;0;0;0;0;0;0;0;0;1;0;0;0;0;0;0;0;Sad
47;;;;;0;0.11;0;0.1;0;0.52;0.28;0.26;0;0;1.09;0.5;0;0.01;0.97;1.25;0.12;0;0;0;0;0;0;0;0;0;0;0;0;0;0;0;0;0;0;Sad
50;;;;;0.78;0;0.7;0;0;1.11;0;0;0.65;0;0;0.01;0;0;0;0.65;0;1;1;1;0;0;0;0;0;1;0;0;0;0;0;0;0;0;0;Sad
13;;;;;0.91;0.08;0;0;0;0.11;0;0;0.04;0.12;0;0.66;0.44;0.18;0;0.19;0;0;0;0;1;0;0;0;0;0;0;0;0;0;0;0;0;0;0;Surprise
14;;;;;1.91;0.2;0.37;0.35;0;0.11;0;0;0.11;0.29;0;1.09;0.44;0.18;0;0.46;0;0;0;0;1;0;0;0;0;0;0;0;0;0;0;0;0;0;0;Surprise
15;;;;;1.91;0.2;0.44;0.35;0;0.3;0;0;0.08;0.16;0;1.56;0.44;0;0.34;0.74;0.33;0;0;0;1;0;0;0;0;0;0;0;0;0;0;0;0;0;0;Surprise
16;;;;;1.54;0.26;0.44;0.35;0;0.19;0.17;0;0.07;0.16;0;1.06;0;0;0.9;0.7;0.47;0;1;0;1;0;0;0;0;0;0;0;0;0;0;0;0;0;0;Surprise
17;;;;;0.54;0.14;0.07;0;0;0.24;0.17;0;0;0;0;1.23;0;0;1.14;0.93;0.52;0;1;0;1;0;0;0;0;0;0;0;0;0;0;1;0;0;0;Surprise
18;;;;;0.54;0.14;0;0.24;0;0.06;0.23;0;0;0;0;0.76;0;0;0.8;0.65;0.19;0;1;0;1;0;0;0;0;0;0;0;0;0;0;1;0;0;0;Surprise
19;;;;;0.12;0;0;0.24;0;0.4;0.05;0.03;0.1;0;0;1.32;0.16;0;1.04;1.38;0.07;0;1;0;1;0;0;0;0;0;0;0;0;0;0;1;0;0;0;Surprise
20;;;;;0.12;0;0;0.24;0;0.34;0.18;0.03;0.1;0;0;0.73;0.16;0;1.55;0.89;0.34;0;1;0;1;0;0;0;0;0;0;1;0;0;0;1;0;0;1;Surprise
21;;;;;1.31;0.31;0.86;0;0;0.34;0.33;0.09;0.28;0;0.35;1.37;0.16;0;2.53;0.89;0.72;0;0;0;1;0;0;0;0;0;0;1;0;0;0;1;0;0;1;Surprise
22;;;;;1.21;0.31;1.03;0;0;0.01;0.33;0.31;0.37;0.02;0.81;1.08;0;0.07;1.97;0.51;0.7;0;1;0;1;0;0;0;0;0;0;1;0;0;0;1;0;0;0;Surprise
23;;;;;1.21;0.31;1.03;0;0;0.01;0.2;0.31;0.37;0.02;0.81;1.08;0;0.07;1.61;0.51;0.38;0;1;0;1;0;0;0;0;0;0;1;0;0;0;1;0;0;1;Surprise
24;;;;;0.02;0.06;0.26;0;0;0.01;0;0.24;0.34;0.41;0.46;1.38;0.3;0.07;0.72;0.9;0;0;1;1;1;0;0;0;0;0;0;1;0;0;0;1;0;0;1;Surprise
25;;;;;0.59;0.21;0.36;0;0.25;0.43;0.08;0.76;0.72;0.69;0.24;1.37;0.3;0;0.48;0.61;0;0;0;0;1;0;0;0;0;0;0;1;0;0;0;1;0;0;1;Surprise
26;;;;;0.76;0.21;0.71;0;0.38;0.69;0.65;1.31;0.89;0.69;0.51;2.31;0.3;0;0.38;0.61;0;0;0;0;1;0;0;0;0;0;0;1;0;0;1;1;0;0;1;Surprise
27;;;;;1.11;0.15;0.97;0;0.42;1.47;0.65;1.81;0.74;0.31;0.51;2.11;0.51;0;0.93;0.73;0.33;0;0;0;1;0;0;0;0;0;0;1;0;0;1;1;0;0;1;Surprise
28;;;;;0.51;0;1.2;0;0.38;1.42;0.57;1.05;0.28;0.36;0.27;1.85;0.51;0;1.48;0.86;0.66;0;1;0;1;0;0;0;0;0;0;1;0;0;0;1;0;0;1;Surprise
29;;;;;0.35;0;0.86;0;0.26;1.15;0.06;0.5;0.11;0.36;0;0.91;0.51;0;2.09;1.14;0.66;0;0;0;1;0;0;0;0;0;0;1;0;0;0;1;0;0;1;Surprise
30;;;;;0;0;0.5;0.07;0.21;0.37;0.06;0.13;0.11;0.36;0.22;0.9;0;0.37;1.45;0.78;0.33;0;0;0;1;0;0;0;0;0;0;1;0;0;1;1;0;0;0;Surprise
31;;;;;0;0;0.06;0.07;0;0.14;0.12;0.13;0;0;0.22;0.94;0;0.42;0.97;0.44;0;1;1;0;1;0;0;0;0;0;0;0;0;0;0;0;0;0;0;Surprise
32;;;;;0.31;0;1.22;0.07;0;0.15;0.06;0.13;0;0;0.59;1.55;0.15;0.42;0.07;1.15;0;1;1;0;1;0;0;0;0;0;0;0;0;0;0;0;0;0;0;Surprise
33;;;;;0.69;0;1.22;0;0;0.15;0.06;0;0.02;0.01;0.49;1.24;0.15;0.04;0.07;1.01;0;1;1;0;1;0;0;0;0;0;0;1;0;0;0;0;0;0;0;Surprise
34;;;;;1.4;0;1.15;0;0.04;0.45;0;0.5;0.26;0.07;1.44;1.91;0.47;0;0.34;1.12;0;1;1;1;1;0;0;0;0;0;0;1;1;0;0;0;0;0;0;Surprise
35;;;;;1.09;0;0;0;0.04;0.76;0.14;0.83;0.26;0.07;1.38;2.72;1.27;0;0.57;0.7;0;0;1;1;0;0;0;0;0;0;0;1;0;0;0;0;0;0;0;Surprise
36;;;;;0.7;0;0.26;0;0.04;0.76;0.14;0.83;0.25;0.06;1.27;3.46;1.35;0.53;0.57;1.98;0.25;0;1;1;0;0;0;0;0;0;0;1;1;0;0;0;0;0;0;Surprise
37;;;;;0;0;0.77;0;0;0.32;0.14;0.33;0;0;0.32;2.91;1.03;1.3;0.61;2.48;0.43;0;1;0;0;0;0;0;0;0;0;1;1;0;0;1;1;0;0;Surprise
38;;;;;0;0;0.77;0;0.34;0.26;0;0.01;0.13;0;0.01;2.12;0.08;2.97;0.37;2.59;0.43;0;0;0;0;0;0;1;0;0;0;1;1;1;0;1;1;0;1;Surprise
39;;;;;0.52;0.26;0.51;0.21;0.35;0.26;0;0.01;0.54;0.11;0;0.95;0.19;2.44;0.84;1.88;0.28;0;0;0;0;0;0;1;0;0;0;1;1;0;0;1;1;0;1;Surprise
40;;;;;0.52;0.26;0;0.21;0.35;0.26;0;0.47;0.6;0.11;0.07;1.21;0.65;1.67;0.86;1.27;0.25;0;0;0;1;0;0;1;0;0;0;1;1;0;0;0;1;0;0;Surprise
41;;;;;0.52;0.26;0;0.21;0;0;0.29;0.47;0.47;0.11;0.2;1.68;0.65;0.65;1.09;0.63;0.25;0;0;0;1;0;0;1;0;0;0;1;0;0;0;1;1;0;1;Surprise
42;;;;;0.08;0;0;0.18;0;0;0.29;0.47;0.06;0;0.2;1.68;0.45;0.88;0.75;0.06;0.15;0;0;0;1;0;0;1;0;0;0;0;0;0;0;0;0;0;1;Surprise
43;;;;;0.08;0;0;0.18;0;0.28;0.29;0;0;0;0.13;1.38;0;0.91;0.87;0.69;0.45;0;0;0;1;0;0;0;0;0;0;0;0;1;0;0;0;0;0;Surprise
44;;;;;0.08;0;0;0.2;0;0.28;0.34;0.23;0.03;0;0.18;0.6;0.43;0.26;1.26;0.62;0.45;0;0;0;1;0;0;0;0;0;0;1;0;1;0;0;0;0;1;Surprise
45;;;;;1.09;0.27;0;0.08;0;0.28;0.34;0.23;0.03;0;0.34;1.01;0.43;0.03;1.76;0.62;0.45;0;0;0;1;0;0;0;0;0;0;0;0;0;0;0;0;0;0;Surprise
46;;;;;1.09;0.27;0;0.08;0;0;0.34;0.23;0.03;0;0.68;1.91;0.43;0.16;1.24;0.36;0.02;0;0;0;1;0;0;0;0;0;0;0;0;0;0;0;0;0;0;Surprise
47;;;;;1.09;0.27;0;0.07;0;0;0;0;0;0;0.49;1.6;0;0.16;0.61;0.36;0.02;0;0;0;1;0;0;0;0;0;0;0;0;1;0;0;0;0;0;Surprise
49;;;;;1.04;0.24;0.01;0;0;0.06;0;0;0;0;0.18;1.23;0;0.53;0.22;0.63;0;1;1;0;1;0;0;0;0;0;0;1;1;0;0;0;0;0;0;Surprise
50;;;;;0;0;0.02;0;0;0.18;0;0;0;0;0;0;0;1.58;0.65;1.9;0;0;0;0;1;0;0;1;0;1;1;0;0;1;0;0;1;1;0;Surprise
