frame,faceId,timeStamp,confidence,success, AU01_r, AU02_r, AU04_r, AU05_r, AU06_r, AU07_r, AU09_r, AU10_r, AU12_r, AU14_r, AU15_r, AU17_r, AU20_r, AU23_r, AU25_r, AU26_r, AU45_r, AU01_c, AU02_c, AU04_c, AU05_c, AU06_c, AU07_c, AU09_c, AU10_c, AU12_c, AU14_c, AU15_c, AU17_c, AU20_c, AU23_c, AU25_c, AU26_c, AU28_c, AU45_c,Class
8387, 0, 338.614, 0.98, 1, 1.49, 1.32, 3.36, 0.28, 1.19, 3.60, 1.35, 1.14, 0.15, 0.38, 1.50, 1.52, 0.00, 1.44, 0.09, 0.50, 0.96, 0.0, 0.0, 1.0, 0.0, 1.0, 1.0, 0.0, 0.0, 0.0, 0.0, 0.0, 0.0, 0.0, 0.0, 0.0, 0.0, 0.0, 1.0,Angry
8388, 0, 338.648, 0.98, 1, 1.39, 1.56, 3.66, 0.25, 1.24, 3.57, 1.16, 1.19, 0.09, 0.50, 1.56, 1.56, 0.00, 1.58, 0.00, 0.23, 0.65, 0.0, 1.0, 1.0, 0.0, 0.0, 1.0, 0.0, 0.0, 0.0, 1.0, 0.0, 0.0, 0.0, 0.0, 0.0, 0.0, 0.0, 0.0,Angry
8389, 0, 338.688, 0.98, 1, 1.51, 1.40, 3.53, 0.25, 1.19, 3.26, 1.25, 1.24, 0.20, 0.60, 1.73, 1.84, 0.00, 1.47, 0.08, 0.28, 0.92, 0.0, 0.0, 1.0, 0.0, 1.0, 1.0, 0.0, 0.0, 0.0, 1.0, 0.0, 0.0, 0.0, 0.0, 0.0, 0.0, 0.0, 1.0,Angry
8390, 0, 338.719, 0.98, 1, 1.33, 1.54, 3.70, 0.35, 1.19, 3.30, 1.20, 1.25, 0.15, 0.51, 1.64, 1.60, 0.13, 1.42, 0.06, 0.27, 0.90, 0.0, 0.0, 1.0, 0.0, 1.0, 1.0, 0.0, 0.0, 0.0, 1.0, 0.0, 0.0, 0.0, 0.0, 0.0, 0.0, 0.0, 0.0,Angry
8391, 0, 338.767, 0.98, 1, 1.38, 1.32, 3.70, 0.42, 1.21, 3.10, 1.16, 1.32, 0.17, 0.43, 1.75, 1.62, 0.01, 1.48, 0.14, 0.57, 0.71, 0.0, 0.0, 1.0, 0.0, 1.0, 1.0, 0.0, 0.0, 0.0, 1.0, 0.0, 0.0, 0.0, 0.0, 0.0, 0.0, 0.0, 1.0,Angry
8392, 0, 338.795, 0.98, 1, 1.43, 1.42, 3.71, 0.40, 1.19, 3.18, 1.17, 1.26, 0.14, 0.58, 1.51, 1.53, 0.10, 1.41, 0.26, 0.64, 0.58, 0.0, 1.0, 1.0, 0.0, 1.0, 1.0, 0.0, 0.0, 0.0, 1.0, 0.0, 0.0, 0.0, 0.0, 0.0, 0.0, 0.0, 0.0,Angry
8393, 0, 338.822, 0.98, 1, 1.36, 1.55, 3.55, 0.30, 1.11, 3.23, 1.27, 1.18, 0.10, 0.71, 1.47, 1.66, 0.16, 1.48, 0.09, 0.39, 1.10, 0.0, 0.0, 1.0, 0.0, 1.0, 1.0, 0.0, 0.0, 0.0, 1.0, 0.0, 0.0, 0.0, 0.0, 0.0, 0.0, 0.0, 1.0,Angry
8394, 0, 338.851, 0.98, 1, 1.48, 1.48, 3.75, 0.26, 1.21, 3.49, 1.15, 1.27, 0.18, 0.67, 1.77, 1.73, 0.15, 1.33, 0.11, 0.42, 0.88, 0.0, 1.0, 1.0, 0.0, 1.0, 1.0, 0.0, 0.0, 0.0, 1.0, 0.0, 0.0, 0.0, 0.0, 0.0, 0.0, 0.0, 0.0,Angry
8395, 0, 338.885, 0.98, 1, 1.38, 1.52, 3.43, 0.35, 1.26, 3.27, 1.18, 1.20, 0.11, 0.66, 1.72, 1.66, 0.31, 1.52, 0.07, 0.22, 0.84, 0.0, 1.0, 1.0, 0.0, 1.0, 1.0, 0.0, 0.0, 0.0, 1.0, 0.0, 0.0, 0.0, 0.0, 0.0, 0.0, 0.0, 1.0,Angry
8396, 0, 338.937, 0.98, 1, 1.47, 1.44, 3.58, 0.47, 1.20, 3.81, 1.17, 1.28, 0.10, 0.61, 1.59, 1.78, 0.18, 1.46, 0.02, 0.28, 1.02, 0.0, 0.0, 1.0, 0.0, 1.0, 1.0, 0.0, 0.0, 0.0, 1.0, 0.0, 0.0, 0.0, 0.0, 0.0, 0.0, 0.0, 1.0,Angry
8397, 0, 338.976, 0.98, 1, 1.29, 1.43, 3.62, 0.81, 1.23, 3.16, 1.21, 1.03, 0.12, 0.44, 1.61, 1.77, 0.36, 1.49, 0.16, 0.36, 1.05, 0.0, 1.0, 1.0, 0.0, 1.0, 1.0, 0.0, 0.0, 0.0, 0.0, 0.0, 0.0, 0.0, 0.0, 0.0, 0.0, 0.0, 1.0,Angry
8398, 0, 339.009, 0.98, 1, 1.33, 1.41, 3.54, 0.26, 1.12, 3.34, 1.09, 1.13, 0.11, 0.62, 1.82, 1.66, 0.08, 1.50, 0.14, 0.45, 0.72, 0.0, 0.0, 1.0, 0.0, 1.0, 1.0, 0.0, 0.0, 0.0, 1.0, 0.0, 0.0, 0.0, 0.0, 0.0, 0.0, 0.0, 1.0,Angry
8399, 0, 339.034, 0.98, 1, 1.33, 1.35, 3.57, 0.23, 1.15, 3.45, 1.12, 1.21, 0.09, 0.67, 1.74, 1.66, 0.10, 1.55, 0.14, 0.57, 0.71, 0.0, 0.0, 1.0, 0.0, 1.0, 1.0, 0.0, 0.0, 0.0, 1.0, 0.0, 0.0, 0.0, 0.0, 0.0, 0.0, 0.0, 1.0,Angry
8400, 0, 339.062, 0.98, 1, 1.34, 1.33, 3.37, 0.25, 1.21, 3.41, 1.16, 1.22, 0.11, 0.38, 1.50, 1.62, 0.37, 1.53, 0.20, 0.35, 0.80, 0.0, 0.0, 1.0, 0.0, 1.0, 1.0, 0.0, 0.0, 0.0, 1.0, 0.0, 0.0, 0.0, 0.0, 0.0, 0.0, 0.0, 0.0,Angry
8401, 0, 339.088, 0.98, 1, 1.24, 1.57, 3.47, 0.48, 1.14, 3.20, 1.21, 1.14, 0.07, 0.54, 1.56, 1.68, 0.01, 1.53, 0.06, 0.16, 0.64, 0.0, 1.0, 1.0, 0.0, 0.0, 1.0, 0.0, 0.0, 0.0, 1.0, 0.0, 0.0, 0.0, 0.0, 0.0, 0.0, 0.0, 0.0,Angry
8402, 0, 339.121, 0.98, 1, 1.31, 1.39, 3.60, 0.34, 1.13, 3.66, 1.17, 1.12, 0.02, 0.79, 1.63, 1.69, 0.18, 1.54, 0.00, 0.42, 0.71, 0.0, 0.0, 1.0, 0.0, 0.0, 1.0, 0.0, 0.0, 0.0, 1.0, 0.0, 0.0, 0.0, 0.0, 0.0, 0.0, 0.0, 0.0,Angry
8403, 0, 339.170, 0.98, 1, 1.22, 1.17, 3.59, 0.00, 1.19, 3.54, 1.17, 1.31, 0.06, 0.76, 1.72, 1.69, 0.17, 1.50, 0.34, 0.48, 0.62, 0.0, 0.0, 1.0, 0.0, 1.0, 1.0, 0.0, 0.0, 0.0, 1.0, 1.0, 0.0, 0.0, 0.0, 0.0, 0.0, 0.0, 1.0,Angry
8404, 0, 339.229, 0.98, 1, 1.28, 1.28, 3.60, 0.43, 1.19, 3.52, 1.21, 1.09, 0.13, 0.38, 1.49, 1.64, 0.21, 1.36, 0.19, 0.50, 0.56, 0.0, 0.0, 1.0, 0.0, 1.0, 1.0, 0.0, 0.0, 0.0, 1.0, 0.0, 0.0, 0.0, 0.0, 0.0, 0.0, 0.0, 0.0,Angry
8405, 0, 339.251, 0.98, 1, 1.35, 1.25, 3.62, 0.49, 1.24, 3.54, 1.22, 1.15, 0.11, 0.44, 1.43, 1.40, 0.08, 1.51, 0.38, 0.50, 0.95, 0.0, 0.0, 1.0, 0.0, 1.0, 1.0, 0.0, 0.0, 0.0, 1.0, 0.0, 0.0, 0.0, 0.0, 0.0, 0.0, 0.0, 1.0,Angry
8406, 0, 339.282, 0.98, 1, 1.43, 1.51, 3.59, 0.48, 1.25, 3.54, 1.24, 1.13, 0.15, 0.37, 1.56, 1.65, 0.06, 1.54, 0.16, 0.52, 0.60, 0.0, 0.0, 1.0, 0.0, 1.0, 1.0, 0.0, 0.0, 0.0, 1.0, 0.0, 0.0, 0.0, 0.0, 0.0, 0.0, 0.0, 0.0,Angry
8407, 0, 339.329, 0.98, 1, 1.39, 1.63, 3.60, 0.69, 1.23, 3.00, 1.28, 1.18, 0.05, 0.52, 1.83, 1.92, 0.08, 1.53, 0.23, 0.64, 0.73, 0.0, 0.0, 1.0, 0.0, 1.0, 1.0, 0.0, 0.0, 0.0, 1.0, 0.0, 0.0, 0.0, 0.0, 0.0, 0.0, 0.0, 0.0,Angry
8408, 0, 339.359, 0.98, 1, 1.63, 1.54, 3.63, 0.37, 1.13, 3.07, 1.28, 1.12, 0.09, 0.56, 1.40, 1.75, 0.47, 1.46, 0.38, 0.44, 0.51, 0.0, 0.0, 1.0, 0.0, 0.0, 1.0, 0.0, 0.0, 0.0, 1.0, 0.0, 0.0, 0.0, 0.0, 0.0, 0.0, 0.0, 0.0,Angry
8409, 0, 339.411, 0.98, 1, 1.40, 1.89, 3.54, 0.79, 1.17, 3.04, 1.13, 1.18, 0.14, 0.63, 1.48, 1.78, 0.19, 1.53, 0.34, 0.30, 0.76, 0.0, 1.0, 1.0, 0.0, 1.0, 1.0, 0.0, 0.0, 0.0, 1.0, 0.0, 0.0, 0.0, 0.0, 0.0, 0.0, 0.0, 0.0,Angry
8410, 0, 339.454, 0.98, 1, 1.45, 1.66, 3.59, 0.41, 1.19, 3.02, 1.16, 1.08, 0.18, 0.64, 1.52, 1.76, 0.13, 1.53, 0.42, 0.41, 0.54, 0.0, 0.0, 1.0, 0.0, 1.0, 1.0, 0.0, 0.0, 0.0, 1.0, 0.0, 0.0, 0.0, 0.0, 0.0, 0.0, 0.0, 0.0,Angry
8411, 0, 339.490, 0.98, 1, 1.51, 1.48, 3.59, 0.15, 1.13, 3.39, 1.31, 1.03, 0.10, 0.40, 1.31, 1.57, 0.27, 1.61, 0.40, 0.70, 0.60, 0.0, 0.0, 1.0, 0.0, 1.0, 1.0, 0.0, 0.0, 0.0, 1.0, 0.0, 0.0, 0.0, 0.0, 0.0, 0.0, 0.0, 0.0,Angry
8412, 0, 339.531, 0.98, 1, 1.39, 1.50, 3.55, 0.64, 1.22, 3.41, 1.30, 1.28, 0.17, 0.53, 1.62, 1.64, 0.14, 1.64, 0.27, 0.49, 0.69, 0.0, 0.0, 1.0, 0.0, 1.0, 1.0, 0.0, 0.0, 0.0, 1.0, 0.0, 0.0, 0.0, 0.0, 0.0, 0.0, 0.0, 0.0,Angry
8413, 0, 339.571, 0.98, 1, 1.26, 1.43, 3.54, 0.21, 1.25, 3.39, 1.29, 1.10, 0.14, 0.69, 1.61, 1.90, 0.24, 1.66, 0.23, 0.49, 0.61, 0.0, 0.0, 1.0, 0.0, 1.0, 1.0, 0.0, 0.0, 0.0, 1.0, 0.0, 0.0, 0.0, 0.0, 0.0, 0.0, 0.0, 0.0,Angry
8414, 0, 339.626, 0.98, 1, 1.12, 1.32, 3.50, 0.46, 1.25, 3.12, 1.04, 1.14, 0.22, 0.65, 1.73, 1.73, 0.00, 1.60, 0.16, 0.50, 0.62, 0.0, 0.0, 1.0, 0.0, 1.0, 1.0, 0.0, 0.0, 0.0, 1.0, 0.0, 0.0, 0.0, 0.0, 0.0, 0.0, 0.0, 0.0,Angry
8415, 0, 339.677, 0.98, 1, 1.26, 1.48, 3.57, 0.52, 1.14, 3.28, 1.16, 1.06, 0.03, 0.55, 1.59, 1.44, 0.18, 1.65, 0.30, 0.59, 0.68, 0.0, 0.0, 1.0, 0.0, 0.0, 1.0, 0.0, 0.0, 0.0, 1.0, 0.0, 0.0, 0.0, 0.0, 0.0, 0.0, 0.0, 0.0,Angry
8416, 0, 339.704, 0.98, 1, 1.40, 1.72, 3.50, 0.39, 1.09, 3.36, 1.20, 1.08, 0.02, 0.49, 1.75, 1.80, 0.45, 1.54, 0.40, 0.37, 0.64, 0.0, 1.0, 1.0, 0.0, 0.0, 1.0, 0.0, 0.0, 0.0, 1.0, 0.0, 0.0, 0.0, 0.0, 0.0, 0.0, 0.0, 0.0,Angry
8416, 0, 339.704, 0.98, 1, 1.40, 1.72, 3.50, 0.39, 1.09, 3.36, 1.20, 1.08, 0.02, 0.49, 1.75, 1.80, 0.45, 1.54, 0.40, 0.37, 0.64, 0.0, 1.0, 1.0, 0.0, 0.0, 1.0, 0.0, 0.0, 0.0, 1.0, 0.0, 0.0, 0.0, 0.0, 0.0, 0.0, 0.0, 0.0,Angry
8417, 0, 339.735, 0.98, 1, 1.41, 1.68, 3.59, 0.51, 1.16, 3.26, 1.25, 1.22, 0.14, 0.52, 1.57, 1.69, 0.10, 1.47, 0.24, 0.59, 0.70, 0.0, 0.0, 1.0, 0.0, 0.0, 1.0, 0.0, 0.0, 0.0, 1.0, 0.0, 0.0, 0.0, 0.0, 0.0, 0.0, 0.0, 1.0,Angry
8418, 0, 339.784, 0.98, 1, 1.35, 1.46, 3.74, 0.48, 1.31, 2.96, 1.18, 1.19, 0.06, 0.52, 1.61, 1.54, 0.18, 1.40, 0.31, 0.50, 0.66, 0.0, 0.0, 1.0, 0.0, 1.0, 1.0, 0.0, 0.0, 0.0, 1.0, 0.0, 0.0, 0.0, 0.0, 0.0, 0.0, 0.0, 0.0,Angry
8419, 0, 339.814, 0.98, 1, 1.29, 1.55, 3.77, 0.61, 1.20, 3.38, 1.29, 1.17, 0.06, 0.76, 1.62, 1.68, 0.01, 1.57, 0.24, 0.49, 0.45, 0.0, 0.0, 1.0, 0.0, 1.0, 1.0, 0.0, 0.0, 0.0, 1.0, 0.0, 0.0, 0.0, 0.0, 0.0, 0.0, 0.0, 0.0,Angry
8420, 0, 339.857, 0.98, 1, 1.17, 1.13, 3.50, 0.29, 1.21, 3.27, 1.17, 1.27, 0.16, 0.55, 1.50, 1.60, 0.23, 1.48, 0.16, 0.57, 0.73, 0.0, 0.0, 1.0, 0.0, 1.0, 1.0, 0.0, 0.0, 0.0, 1.0, 0.0, 0.0, 0.0, 0.0, 0.0, 0.0, 0.0, 0.0,Angry
8421, 0, 339.889, 0.98, 1, 1.41, 1.46, 3.64, 0.38, 1.15, 3.62, 1.26, 1.40, 0.09, 0.63, 1.56, 1.56, 0.11, 1.49, 0.43, 0.38, 0.80, 0.0, 0.0, 1.0, 0.0, 1.0, 1.0, 0.0, 0.0, 0.0, 1.0, 0.0, 0.0, 0.0, 0.0, 0.0, 0.0, 0.0, 1.0,Angry
8422, 0, 339.919, 0.98, 1, 1.37, 1.34, 3.68, 0.03, 1.17, 3.55, 1.17, 1.26, 0.18, 0.55, 1.58, 1.73, 0.00, 1.55, 0.02, 0.00, 0.88, 0.0, 0.0, 1.0, 0.0, 1.0, 1.0, 0.0, 0.0, 0.0, 1.0, 0.0, 0.0, 0.0, 0.0, 0.0, 0.0, 0.0, 0.0,Angry
8423, 0, 339.968, 0.98, 1, 1.33, 1.56, 3.48, 0.45, 1.30, 3.18, 1.28, 1.32, 0.20, 0.66, 1.31, 1.62, 0.00, 1.54, 0.23, 0.43, 0.86, 0.0, 0.0, 1.0, 0.0, 1.0, 1.0, 0.0, 0.0, 0.0, 1.0, 0.0, 0.0, 0.0, 0.0, 0.0, 0.0, 0.0, 0.0,Angry
8424, 0, 339.995, 0.98, 1, 1.34, 1.57, 3.57, 0.50, 1.30, 3.17, 1.30, 1.32, 0.21, 0.57, 1.36, 1.64, 0.00, 1.56, 0.13, 0.48, 0.79, 0.0, 0.0, 1.0, 0.0, 1.0, 1.0, 0.0, 0.0, 0.0, 1.0, 0.0, 0.0, 0.0, 0.0, 0.0, 0.0, 0.0, 0.0,Angry
8425, 0, 340.018, 0.98, 1, 1.28, 1.31, 3.36, 0.58, 1.19, 3.42, 1.28, 1.11, 0.04, 0.51, 1.69, 1.54, 0.29, 1.51, 0.27, 0.32, 0.89, 0.0, 0.0, 1.0, 0.0, 1.0, 1.0, 0.0, 0.0, 0.0, 1.0, 0.0, 0.0, 0.0, 0.0, 0.0, 0.0, 0.0, 0.0,Angry
8426, 0, 340.051, 0.98, 1, 1.35, 1.63, 3.35, 0.52, 1.16, 3.39, 1.05, 1.29, 0.16, 0.58, 1.53, 1.55, 0.38, 1.53, 0.18, 0.69, 0.79, 0.0, 0.0, 1.0, 0.0, 1.0, 1.0, 0.0, 0.0, 0.0, 1.0, 0.0, 0.0, 0.0, 0.0, 0.0, 0.0, 0.0, 0.0,Angry
8427, 0, 340.100, 0.98, 1, 1.46, 1.59, 3.42, 0.47, 1.15, 3.16, 1.26, 1.08, 0.01, 0.48, 1.38, 1.47, 0.29, 1.60, 0.13, 0.57, 0.82, 0.0, 0.0, 1.0, 0.0, 1.0, 1.0, 0.0, 0.0, 0.0, 1.0, 0.0, 0.0, 0.0, 0.0, 0.0, 0.0, 0.0, 0.0,Angry
8428, 0, 340.132, 0.98, 1, 1.58, 1.87, 3.51, 0.60, 1.14, 3.43, 1.15, 1.39, 0.11, 0.67, 1.48, 1.71, 0.26, 1.60, 0.03, 0.38, 0.68, 0.0, 1.0, 1.0, 0.0, 0.0, 1.0, 0.0, 0.0, 0.0, 1.0, 0.0, 0.0, 0.0, 0.0, 0.0, 0.0, 0.0, 0.0,Angry
8429, 0, 340.166, 0.98, 1, 1.46, 1.98, 3.43, 0.61, 1.13, 3.17, 1.32, 1.20, 0.05, 0.38, 1.60, 1.74, 0.24, 1.56, 0.15, 0.57, 1.02, 0.0, 0.0, 1.0, 0.0, 0.0, 1.0, 0.0, 0.0, 0.0, 1.0, 0.0, 0.0, 0.0, 0.0, 0.0, 0.0, 0.0, 0.0,Angry
8430, 0, 340.221, 0.98, 1, 1.36, 1.33, 3.40, 0.44, 1.13, 3.16, 1.07, 1.20, 0.13, 0.38, 1.63, 1.56, 0.29, 1.50, 0.00, 0.41, 0.45, 0.0, 0.0, 1.0, 0.0, 1.0, 0.0, 0.0, 0.0, 0.0, 0.0, 0.0, 0.0, 0.0, 0.0, 0.0, 0.0, 0.0, 0.0,Angry
8431, 0, 340.258, 0.98, 1, 1.19, 1.34, 3.54, 0.77, 1.25, 3.38, 1.09, 1.01, 0.11, 0.30, 1.60, 1.60, 0.25, 1.42, 0.19, 0.53, 0.62, 0.0, 0.0, 1.0, 0.0, 1.0, 1.0, 0.0, 0.0, 0.0, 0.0, 0.0, 0.0, 0.0, 0.0, 0.0, 0.0, 0.0, 0.0,Angry
8432, 0, 340.309, 0.98, 1, 1.24, 1.25, 3.47, 0.75, 1.21, 3.44, 1.25, 1.19, 0.13, 0.38, 1.55, 1.76, 0.34, 1.47, 0.36, 0.44, 0.76, 0.0, 0.0, 1.0, 0.0, 0.0, 1.0, 0.0, 0.0, 0.0, 0.0, 0.0, 0.0, 0.0, 0.0, 0.0, 0.0, 0.0, 1.0,Angry
8433, 0, 340.336, 0.98, 1, 1.49, 1.21, 3.52, 0.62, 1.22, 3.73, 1.24, 1.26, 0.12, 0.40, 1.50, 1.63, 0.11, 1.58, 0.16, 0.46, 0.63, 0.0, 0.0, 1.0, 0.0, 0.0, 1.0, 0.0, 0.0, 0.0, 0.0, 0.0, 0.0, 0.0, 0.0, 0.0, 0.0, 0.0, 0.0,Angry
8434, 0, 340.382, 0.98, 1, 1.55, 1.62, 3.47, 0.59, 1.19, 3.23, 1.17, 1.03, 0.16, 0.30, 1.30, 1.54, 0.01, 1.53, 0.00, 0.40, 0.61, 0.0, 0.0, 1.0, 0.0, 1.0, 0.0, 0.0, 0.0, 0.0, 0.0, 0.0, 0.0, 0.0, 0.0, 0.0, 0.0, 0.0, 0.0,Angry
8435, 0, 340.414, 0.98, 1, 1.48, 1.65, 3.36, 0.65, 1.16, 3.23, 1.23, 1.20, 0.07, 0.27, 1.54, 1.63, 0.08, 1.61, 0.14, 0.35, 0.87, 0.0, 0.0, 1.0, 0.0, 0.0, 0.0, 0.0, 0.0, 0.0, 0.0, 0.0, 0.0, 0.0, 0.0, 0.0, 0.0, 0.0, 0.0,Angry
5737, 0, 227.088, 0.88, 1, 0.80, 0.06, 2.04, 1.01, 2.64, 4.60, 3.38, 2.54, 1.22, 0.68, 0.00, 0.00, 0.41, 0.21, 2.69, 0.27, 0.53, 0.0, 0.0, 1.0, 0.0, 1.0, 1.0, 1.0, 1.0, 0.0, 0.0, 0.0, 0.0, 0.0, 0.0, 1.0, 0.0, 0.0, 1.0,Disgust
5738, 0, 227.123, 0.88, 1, 0.90, 0.03, 2.32, 0.75, 2.63, 4.00, 3.30, 2.40, 1.25, 0.57, 0.00, 0.00, 0.25, 0.19, 2.89, 0.16, 0.59, 0.0, 0.0, 1.0, 0.0, 1.0, 1.0, 1.0, 1.0, 0.0, 0.0, 0.0, 0.0, 0.0, 0.0, 1.0, 0.0, 0.0, 1.0,Disgust
5739, 0, 227.172, 0.88, 1, 0.65, 0.00, 2.20, 0.99, 2.54, 4.21, 3.31, 2.23, 1.22, 0.53, 0.00, 0.00, 0.37, 0.21, 2.85, 0.52, 0.54, 0.0, 0.0, 1.0, 0.0, 1.0, 1.0, 1.0, 1.0, 0.0, 0.0, 0.0, 0.0, 0.0, 0.0, 1.0, 0.0, 0.0, 1.0,Disgust
5740, 0, 227.215, 0.88, 1, 0.89, 0.00, 2.04, 0.98, 2.56, 4.60, 3.15, 2.24, 1.23, 0.49, 0.00, 0.00, 0.34, 0.13, 3.09, 0.28, 0.84, 0.0, 0.0, 1.0, 0.0, 1.0, 1.0, 1.0, 1.0, 0.0, 0.0, 0.0, 0.0, 0.0, 0.0, 1.0, 0.0, 0.0, 1.0,Disgust
5741, 0, 227.250, 0.88, 1, 0.76, 0.00, 1.68, 0.85, 2.53, 3.97, 3.40, 2.39, 1.31, 0.62, 0.00, 0.00, 0.19, 0.15, 2.99, 0.01, 0.89, 0.0, 0.0, 1.0, 0.0, 1.0, 1.0, 1.0, 1.0, 0.0, 0.0, 0.0, 0.0, 0.0, 0.0, 1.0, 0.0, 0.0, 1.0,Disgust
5742, 0, 227.291, 0.88, 1, 0.50, 0.07, 1.87, 1.00, 2.61, 4.56, 3.40, 2.42, 1.25, 0.53, 0.00, 0.00, 0.54, 0.14, 2.95, 0.20, 0.85, 0.0, 0.0, 1.0, 0.0, 1.0, 1.0, 1.0, 1.0, 0.0, 0.0, 0.0, 0.0, 0.0, 0.0, 1.0, 0.0, 0.0, 1.0,Disgust
5743, 0, 227.331, 0.88, 1, 0.69, 0.00, 1.92, 0.69, 2.62, 4.31, 3.28, 2.47, 1.32, 0.68, 0.00, 0.00, 0.43, 0.27, 2.81, 0.14, 0.58, 0.0, 0.0, 1.0, 0.0, 1.0, 1.0, 1.0, 1.0, 0.0, 1.0, 0.0, 0.0, 0.0, 0.0, 1.0, 0.0, 0.0, 1.0,Disgust
5744, 0, 227.372, 0.88, 1, 0.87, 0.23, 2.08, 0.66, 2.54, 4.52, 3.35, 2.29, 1.29, 0.83, 0.00, 0.00, 0.33, 0.24, 2.90, 0.17, 0.75, 0.0, 0.0, 1.0, 0.0, 1.0, 1.0, 1.0, 1.0, 0.0, 1.0, 0.0, 0.0, 0.0, 0.0, 1.0, 0.0, 0.0, 1.0,Disgust
5745, 0, 227.409, 0.88, 1, 0.79, 0.09, 1.78, 0.71, 2.45, 4.49, 3.25, 2.30, 1.33, 0.55, 0.00, 0.00, 0.27, 0.16, 2.91, 0.22, 0.68, 0.0, 0.0, 1.0, 0.0, 1.0, 1.0, 1.0, 1.0, 1.0, 0.0, 0.0, 0.0, 0.0, 0.0, 1.0, 0.0, 0.0, 1.0,Disgust
5746, 0, 227.443, 0.88, 1, 0.97, 0.03, 2.06, 0.79, 2.60, 4.57, 3.14, 2.40, 1.35, 0.67, 0.00, 0.00, 0.37, 0.13, 3.21, 0.26, 0.50, 0.0, 0.0, 1.0, 0.0, 1.0, 1.0, 1.0, 1.0, 0.0, 0.0, 0.0, 0.0, 0.0, 0.0, 1.0, 0.0, 0.0, 1.0,Disgust
5747, 0, 227.490, 0.88, 1, 0.73, 0.00, 1.87, 0.79, 2.49, 4.22, 3.35, 2.34, 1.30, 0.70, 0.00, 0.00, 0.15, 0.13, 2.90, 0.23, 0.49, 0.0, 0.0, 1.0, 0.0, 1.0, 1.0, 1.0, 1.0, 0.0, 1.0, 0.0, 0.0, 0.0, 0.0, 1.0, 0.0, 0.0, 1.0,Disgust
5748, 0, 227.533, 0.88, 1, 0.86, 0.00, 1.86, 0.71, 2.49, 3.90, 3.24, 2.27, 1.27, 0.88, 0.00, 0.00, 0.06, 0.11, 2.84, 0.05, 0.69, 0.0, 0.0, 1.0, 0.0, 1.0, 1.0, 1.0, 1.0, 0.0, 1.0, 0.0, 0.0, 0.0, 0.0, 1.0, 0.0, 0.0, 1.0,Disgust
5749, 0, 227.570, 0.88, 1, 0.78, 0.26, 1.96, 0.82, 2.39, 4.32, 3.25, 2.35, 1.37, 0.94, 0.00, 0.00, 0.15, 0.11, 2.98, 0.00, 0.63, 0.0, 0.0, 1.0, 0.0, 1.0, 1.0, 1.0, 1.0, 0.0, 1.0, 0.0, 0.0, 0.0, 0.0, 1.0, 0.0, 0.0, 1.0,Disgust
5750, 0, 227.600, 0.88, 1, 0.78, 0.00, 1.87, 0.75, 2.48, 3.95, 3.07, 2.30, 1.33, 0.78, 0.00, 0.00, 0.01, 0.15, 2.97, 0.43, 0.42, 0.0, 0.0, 1.0, 0.0, 1.0, 1.0, 1.0, 1.0, 0.0, 1.0, 0.0, 0.0, 0.0, 0.0, 1.0, 0.0, 0.0, 1.0,Disgust
5751, 0, 227.648, 0.88, 1, 0.89, 0.02, 1.99, 0.65, 2.54, 4.63, 3.29, 2.34, 1.24, 0.90, 0.00, 0.00, 0.20, 0.16, 2.83, 0.69, 0.35, 0.0, 0.0, 1.0, 0.0, 1.0, 1.0, 1.0, 1.0, 0.0, 1.0, 0.0, 0.0, 0.0, 0.0, 1.0, 0.0, 0.0, 1.0,Disgust
5752, 0, 227.681, 0.88, 1, 0.90, 0.00, 1.70, 0.21, 2.45, 4.39, 3.08, 2.08, 1.27, 0.79, 0.00, 0.00, 0.14, 0.19, 2.96, 0.39, 0.12, 0.0, 0.0, 1.0, 0.0, 1.0, 1.0, 1.0, 1.0, 0.0, 1.0, 0.0, 0.0, 0.0, 0.0, 1.0, 0.0, 0.0, 1.0,Disgust
5753, 0, 227.732, 0.88, 1, 0.66, 0.00, 1.84, 0.58, 2.40, 4.01, 3.17, 2.27, 1.18, 0.80, 0.00, 0.00, 0.11, 0.17, 2.76, 0.30, 0.21, 0.0, 0.0, 1.0, 0.0, 1.0, 1.0, 1.0, 1.0, 0.0, 1.0, 0.0, 0.0, 0.0, 0.0, 1.0, 0.0, 0.0, 1.0,Disgust
5754, 0, 227.785, 0.88, 1, 0.73, 0.00, 1.73, 0.42, 2.52, 4.24, 3.13, 2.14, 1.25, 0.75, 0.00, 0.00, 0.11, 0.15, 3.11, 0.40, 0.24, 0.0, 0.0, 1.0, 0.0, 1.0, 1.0, 1.0, 1.0, 0.0, 1.0, 0.0, 0.0, 0.0, 0.0, 1.0, 0.0, 0.0, 1.0,Disgust
5755, 0, 227.812, 0.88, 1, 0.95, 0.00, 1.88, 0.22, 2.53, 4.37, 3.25, 2.11, 1.21, 0.87, 0.00, 0.00, 0.09, 0.13, 2.77, 0.16, 0.25, 0.0, 0.0, 1.0, 0.0, 1.0, 1.0, 1.0, 1.0, 0.0, 1.0, 0.0, 0.0, 0.0, 0.0, 1.0, 0.0, 0.0, 1.0,Disgust
5756, 0, 227.843, 0.88, 1, 0.74, 0.00, 1.58, 0.37, 2.40, 3.99, 3.21, 2.20, 1.17, 0.62, 0.00, 0.00, 0.29, 0.12, 2.97, 0.36, 0.35, 0.0, 0.0, 1.0, 0.0, 1.0, 1.0, 1.0, 1.0, 0.0, 0.0, 0.0, 0.0, 0.0, 0.0, 1.0, 0.0, 0.0, 1.0,Disgust
5757, 0, 227.890, 0.88, 1, 0.65, 0.00, 1.87, 0.33, 2.47, 3.90, 3.18, 2.37, 1.33, 0.55, 0.00, 0.00, 0.10, 0.13, 3.15, 0.28, 0.16, 0.0, 0.0, 1.0, 0.0, 1.0, 1.0, 1.0, 1.0, 0.0, 0.0, 0.0, 0.0, 0.0, 0.0, 1.0, 0.0, 0.0, 1.0,Disgust
5758, 0, 227.929, 0.88, 1, 0.75, 0.00, 1.47, 0.20, 2.38, 3.90, 3.36, 2.33, 1.21, 0.78, 0.00, 0.00, 0.10, 0.08, 2.81, 0.10, 0.18, 0.0, 0.0, 1.0, 0.0, 1.0, 1.0, 1.0, 1.0, 0.0, 1.0, 0.0, 0.0, 0.0, 0.0, 1.0, 0.0, 0.0, 0.0,Disgust
5759, 0, 227.968, 0.88, 1, 0.87, 0.10, 1.66, 0.48, 2.42, 4.14, 3.17, 2.16, 1.27, 0.71, 0.00, 0.00, 0.00, 0.07, 2.85, 0.27, 0.30, 0.0, 0.0, 1.0, 0.0, 1.0, 1.0, 1.0, 1.0, 0.0, 1.0, 0.0, 0.0, 0.0, 0.0, 1.0, 0.0, 0.0, 0.0,Disgust
5760, 0, 228.000, 0.88, 1, 0.86, 0.33, 1.66, 0.38, 2.41, 3.79, 3.20, 2.21, 1.33, 0.69, 0.00, 0.00, 0.00, 0.04, 2.94, 0.21, 0.29, 0.0, 0.0, 1.0, 0.0, 1.0, 1.0, 1.0, 1.0, 0.0, 1.0, 0.0, 0.0, 0.0, 0.0, 1.0, 0.0, 0.0, 1.0,Disgust
5760, 0, 228.000, 0.88, 1, 0.86, 0.33, 1.66, 0.38, 2.41, 3.79, 3.20, 2.21, 1.33, 0.69, 0.00, 0.00, 0.00, 0.04, 2.94, 0.21, 0.29, 0.0, 0.0, 1.0, 0.0, 1.0, 1.0, 1.0, 1.0, 0.0, 1.0, 0.0, 0.0, 0.0, 0.0, 1.0, 0.0, 0.0, 1.0,Disgust
5761, 0, 228.051, 0.88, 1, 0.68, 0.00, 1.79, 0.39, 2.47, 4.19, 3.42, 2.18, 1.23, 0.60, 0.00, 0.00, 0.00, 0.08, 3.10, 0.28, 0.36, 0.0, 0.0, 1.0, 0.0, 1.0, 1.0, 1.0, 1.0, 0.0, 0.0, 0.0, 0.0, 0.0, 0.0, 1.0, 0.0, 0.0, 1.0,Disgust
5762, 0, 228.094, 0.88, 1, 0.99, 0.16, 1.81, 0.42, 2.37, 4.10, 3.22, 2.30, 1.29, 0.49, 0.00, 0.00, 0.00, 0.11, 3.23, 0.17, 0.40, 0.0, 0.0, 1.0, 0.0, 1.0, 1.0, 1.0, 1.0, 0.0, 0.0, 0.0, 0.0, 0.0, 0.0, 1.0, 0.0, 0.0, 1.0,Disgust
5763, 0, 228.135, 0.88, 1, 0.78, 0.00, 1.70, 0.52, 2.34, 4.22, 3.26, 2.23, 1.25, 0.60, 0.00, 0.00, 0.05, 0.11, 2.99, 0.33, 0.29, 0.0, 0.0, 1.0, 0.0, 1.0, 1.0, 1.0, 1.0, 0.0, 0.0, 0.0, 0.0, 0.0, 0.0, 1.0, 0.0, 0.0, 1.0,Disgust
5764, 0, 228.167, 0.88, 1, 1.15, 0.23, 1.85, 0.41, 2.40, 4.22, 3.18, 2.31, 1.34, 0.73, 0.00, 0.00, 0.02, 0.10, 3.06, 0.14, 0.26, 0.0, 0.0, 1.0, 0.0, 1.0, 1.0, 1.0, 1.0, 0.0, 0.0, 0.0, 0.0, 0.0, 0.0, 1.0, 0.0, 0.0, 0.0,Disgust
5765, 0, 228.208, 0.88, 1, 0.86, 0.00, 1.81, 0.17, 2.17, 4.23, 3.16, 2.03, 1.26, 0.54, 0.00, 0.00, 0.00, 0.08, 3.10, 0.04, 0.22, 0.0, 0.0, 1.0, 0.0, 1.0, 1.0, 1.0, 1.0, 0.0, 0.0, 0.0, 0.0, 0.0, 0.0, 1.0, 0.0, 0.0, 1.0,Disgust
5766, 0, 228.242, 0.88, 1, 0.78, 0.00, 1.61, 0.28, 2.34, 4.04, 3.18, 2.27, 1.23, 0.54, 0.00, 0.00, 0.07, 0.15, 2.80, 0.23, 0.58, 0.0, 0.0, 1.0, 0.0, 1.0, 1.0, 1.0, 1.0, 0.0, 0.0, 0.0, 0.0, 0.0, 0.0, 1.0, 0.0, 0.0, 1.0,Disgust
5767, 0, 228.290, 0.88, 1, 0.96, 0.27, 1.89, 0.28, 2.21, 4.42, 3.16, 2.14, 1.22, 0.26, 0.00, 0.00, 0.15, 0.04, 3.12, 0.42, 0.36, 0.0, 0.0, 1.0, 0.0, 1.0, 1.0, 1.0, 1.0, 0.0, 0.0, 0.0, 0.0, 0.0, 0.0, 1.0, 0.0, 0.0, 1.0,Disgust
5768, 0, 228.332, 0.88, 1, 0.70, 0.02, 1.84, 0.13, 2.23, 4.17, 3.11, 2.15, 1.30, 0.51, 0.00, 0.00, 0.11, 0.06, 3.14, 0.20, 0.52, 0.0, 0.0, 1.0, 0.0, 1.0, 1.0, 1.0, 1.0, 0.0, 0.0, 0.0, 0.0, 0.0, 0.0, 1.0, 0.0, 0.0, 1.0,Disgust
5769, 0, 228.369, 0.88, 1, 0.86, 0.04, 1.75, 0.35, 2.35, 3.93, 3.16, 2.28, 1.23, 0.54, 0.00, 0.00, 0.11, 0.06, 3.14, 0.54, 0.29, 0.0, 0.0, 1.0, 0.0, 1.0, 1.0, 1.0, 1.0, 0.0, 0.0, 0.0, 0.0, 0.0, 0.0, 1.0, 0.0, 0.0, 1.0,Disgust
5770, 0, 228.401, 0.88, 1, 1.04, 0.00, 1.95, 0.23, 2.30, 4.16, 3.11, 2.16, 1.25, 0.71, 0.00, 0.00, 0.08, 0.04, 3.41, 0.27, 0.30, 0.0, 0.0, 1.0, 0.0, 1.0, 1.0, 1.0, 1.0, 0.0, 1.0, 0.0, 0.0, 0.0, 0.0, 1.0, 0.0, 0.0, 0.0,Disgust
5771, 0, 228.450, 0.88, 1, 0.93, 0.00, 1.86, 0.45, 2.35, 4.36, 3.24, 2.19, 1.26, 0.64, 0.00, 0.00, 0.17, 0.14, 3.08, 0.21, 0.48, 0.0, 0.0, 1.0, 0.0, 1.0, 1.0, 1.0, 1.0, 0.0, 1.0, 0.0, 0.0, 0.0, 0.0, 1.0, 0.0, 0.0, 1.0,Disgust
5772, 0, 228.493, 0.88, 1, 0.94, 0.00, 1.82, 0.72, 2.35, 4.26, 3.36, 2.16, 1.22, 0.63, 0.00, 0.00, 0.26, 0.02, 2.86, 0.28, 0.06, 0.0, 0.0, 1.0, 0.0, 1.0, 1.0, 1.0, 1.0, 0.0, 1.0, 0.0, 0.0, 0.0, 0.0, 1.0, 0.0, 0.0, 1.0,Disgust
5773, 0, 228.530, 0.88, 1, 1.02, 0.21, 1.74, 0.25, 2.28, 3.81, 3.28, 2.28, 1.29, 0.80, 0.00, 0.00, 0.25, 0.05, 2.78, 0.20, 0.14, 0.0, 0.0, 1.0, 0.0, 1.0, 1.0, 1.0, 1.0, 0.0, 1.0, 0.0, 0.0, 0.0, 0.0, 1.0, 0.0, 0.0, 1.0,Disgust
5774, 0, 228.569, 0.88, 1, 1.04, 0.05, 1.84, 0.19, 2.34, 4.11, 3.04, 2.43, 1.24, 0.66, 0.00, 0.00, 0.00, 0.18, 3.02, 0.35, 0.35, 0.0, 0.0, 1.0, 0.0, 1.0, 1.0, 1.0, 1.0, 0.0, 1.0, 0.0, 0.0, 0.0, 0.0, 1.0, 0.0, 0.0, 1.0,Disgust
5775, 0, 228.610, 0.88, 1, 1.11, 0.33, 2.21, 0.67, 2.40, 4.24, 3.01, 2.21, 1.33, 0.70, 0.00, 0.00, 0.00, 0.13, 3.07, 0.14, 0.66, 0.0, 0.0, 1.0, 0.0, 1.0, 1.0, 1.0, 1.0, 0.0, 0.0, 0.0, 0.0, 0.0, 0.0, 1.0, 0.0, 0.0, 1.0,Disgust
5775, 0, 228.610, 0.88, 1, 1.11, 0.33, 2.21, 0.67, 2.40, 4.24, 3.01, 2.21, 1.33, 0.70, 0.00, 0.00, 0.00, 0.13, 3.07, 0.14, 0.66, 0.0, 0.0, 1.0, 0.0, 1.0, 1.0, 1.0, 1.0, 0.0, 0.0, 0.0, 0.0, 0.0, 0.0, 1.0, 0.0, 0.0, 1.0,Disgust
5776, 0, 228.648, 0.88, 1, 0.90, 0.17, 1.92, 0.51, 2.38, 4.25, 3.16, 2.24, 1.27, 0.86, 0.00, 0.00, 0.00, 0.16, 3.10, 0.36, 0.46, 0.0, 0.0, 1.0, 0.0, 1.0, 1.0, 1.0, 1.0, 0.0, 1.0, 0.0, 0.0, 0.0, 0.0, 1.0, 0.0, 0.0, 1.0,Disgust
5777, 0, 228.689, 0.88, 1, 0.93, 0.00, 1.86, 0.55, 2.34, 4.36, 3.15, 2.23, 1.14, 0.74, 0.00, 0.00, 0.01, 0.09, 2.86, 0.20, 0.41, 0.0, 0.0, 1.0, 0.0, 1.0, 1.0, 1.0, 1.0, 0.0, 1.0, 0.0, 0.0, 0.0, 0.0, 1.0, 0.0, 0.0, 0.0,Disgust
5778, 0, 228.721, 0.88, 1, 1.01, 0.24, 2.01, 0.50, 2.24, 4.29, 3.10, 2.24, 1.25, 0.75, 0.00, 0.00, 0.00, 0.13, 3.02, 0.05, 0.66, 0.0, 0.0, 1.0, 0.0, 1.0, 1.0, 1.0, 1.0, 0.0, 1.0, 0.0, 0.0, 0.0, 0.0, 1.0, 0.0, 0.0, 1.0,Disgust
5779, 0, 228.745, 0.88, 1, 0.92, 0.05, 2.04, 0.52, 2.25, 4.19, 3.11, 2.26, 1.26, 0.82, 0.00, 0.00, 0.00, 0.15, 2.97, 0.06, 0.69, 0.0, 0.0, 1.0, 0.0, 1.0, 1.0, 1.0, 1.0, 0.0, 1.0, 0.0, 0.0, 0.0, 0.0, 1.0, 0.0, 0.0, 1.0,Disgust
5780, 0, 228.771, 0.88, 1, 0.93, 0.03, 2.00, 0.66, 2.35, 4.57, 3.26, 2.24, 1.19, 0.85, 0.00, 0.00, 0.00, 0.07, 3.01, 0.35, 0.42, 0.0, 0.0, 1.0, 0.0, 1.0, 1.0, 1.0, 1.0, 0.0, 1.0, 0.0, 0.0, 0.0, 0.0, 1.0, 0.0, 0.0, 1.0,Disgust
5781, 0, 228.801, 0.88, 1, 1.08, 0.00, 1.82, 0.55, 2.20, 3.90, 3.02, 2.18, 1.29, 0.79, 0.00, 0.00, 0.04, 0.10, 3.19, 0.25, 0.48, 0.0, 0.0, 1.0, 0.0, 1.0, 1.0, 1.0, 1.0, 0.0, 0.0, 0.0, 0.0, 0.0, 0.0, 1.0, 0.0, 0.0, 0.0,Disgust
5782, 0, 228.849, 0.88, 1, 0.89, 0.47, 1.84, 0.35, 2.31, 4.13, 3.17, 2.11, 1.33, 0.59, 0.00, 0.00, 0.23, 0.05, 3.09, 0.32, 0.43, 0.0, 0.0, 1.0, 0.0, 1.0, 1.0, 1.0, 1.0, 0.0, 0.0, 0.0, 0.0, 0.0, 0.0, 1.0, 0.0, 0.0, 1.0,Disgust
5783, 0, 228.900, 0.88, 1, 0.84, 0.00, 1.62, 0.70, 2.28, 4.04, 3.25, 2.07, 1.31, 0.79, 0.00, 0.00, 0.07, 0.05, 3.09, 0.33, 0.35, 0.0, 0.0, 1.0, 0.0, 1.0, 1.0, 1.0, 1.0, 0.0, 1.0, 0.0, 0.0, 0.0, 0.0, 1.0, 0.0, 0.0, 0.0,Disgust
5784, 0, 228.933, 0.88, 1, 1.23, 0.55, 1.95, 0.60, 2.26, 3.92, 3.25, 2.11, 1.37, 0.67, 0.00, 0.00, 0.05, 0.08, 3.10, 0.32, 0.49, 0.0, 0.0, 1.0, 0.0, 1.0, 1.0, 1.0, 1.0, 0.0, 0.0, 0.0, 0.0, 0.0, 0.0, 1.0, 0.0, 0.0, 0.0,Disgust
6125, 0, 246.851, 0.88, 1, 3.98, 1.64, 3.04, 2.06, 2.09, 0.93, 1.35, 1.07, 1.65, 1.28, 0.00, 1.42, 1.69, 2.36, 3.41, 2.58, 0.58, 1.0, 1.0, 1.0, 0.0, 0.0, 0.0, 0.0, 1.0, 0.0, 0.0, 0.0, 0.0, 0.0, 0.0, 1.0, 1.0, 0.0, 0.0,Fear
6126, 0, 246.906, 0.88, 1, 3.91, 1.61, 2.94, 2.46, 2.06, 0.51, 1.34, 0.85, 1.64, 0.96, 0.00, 1.38, 1.81, 2.39, 3.33, 2.72, 0.52, 1.0, 1.0, 1.0, 0.0, 0.0, 0.0, 0.0, 1.0, 0.0, 0.0, 0.0, 0.0, 0.0, 0.0, 1.0, 1.0, 0.0, 0.0,Fear
6127, 0, 246.930, 0.88, 1, 3.97, 1.70, 2.87, 2.10, 2.00, 0.81, 1.17, 0.87, 1.61, 1.23, 0.00, 1.40, 1.88, 2.41, 3.39, 2.64, 0.64, 1.0, 1.0, 1.0, 0.0, 0.0, 1.0, 0.0, 1.0, 0.0, 0.0, 0.0, 0.0, 0.0, 0.0, 1.0, 1.0, 0.0, 0.0,Fear
6128, 0, 246.962, 0.88, 1, 4.01, 1.24, 3.00, 2.46, 2.02, 0.55, 1.37, 0.95, 1.69, 1.21, 0.00, 1.36, 1.75, 2.42, 3.18, 2.44, 0.49, 1.0, 1.0, 1.0, 0.0, 0.0, 0.0, 0.0, 1.0, 0.0, 0.0, 0.0, 0.0, 0.0, 0.0, 1.0, 0.0, 0.0, 0.0,Fear
6129, 0, 246.992, 0.88, 1, 3.97, 1.29, 2.93, 2.52, 2.07, 0.70, 1.34, 0.92, 1.66, 1.20, 0.00, 1.31, 1.76, 2.42, 3.14, 2.43, 0.50, 1.0, 1.0, 1.0, 0.0, 0.0, 0.0, 0.0, 1.0, 0.0, 0.0, 0.0, 0.0, 0.0, 0.0, 1.0, 0.0, 0.0, 0.0,Fear
6130, 0, 247.034, 0.88, 1, 3.80, 1.28, 2.82, 2.66, 2.21, 0.58, 1.20, 0.83, 1.89, 1.19, 0.00, 1.21, 1.97, 2.25, 3.62, 2.46, 0.34, 1.0, 1.0, 1.0, 0.0, 0.0, 0.0, 0.0, 1.0, 0.0, 0.0, 0.0, 0.0, 0.0, 0.0, 1.0, 1.0, 0.0, 0.0,Fear
6131, 0, 247.055, 0.88, 1, 3.72, 1.56, 2.71, 2.42, 2.12, 0.46, 1.21, 0.79, 1.70, 1.33, 0.00, 1.08, 1.99, 2.31, 3.47, 2.45, 0.64, 1.0, 1.0, 1.0, 0.0, 0.0, 0.0, 0.0, 1.0, 0.0, 0.0, 0.0, 0.0, 0.0, 0.0, 1.0, 1.0, 0.0, 0.0,Fear
6132, 0, 247.088, 0.88, 1, 3.81, 1.63, 2.84, 2.28, 2.23, 0.78, 1.31, 1.04, 1.83, 1.22, 0.00, 0.88, 1.88, 2.30, 3.75, 2.23, 0.10, 1.0, 1.0, 1.0, 0.0, 0.0, 0.0, 0.0, 1.0, 0.0, 0.0, 0.0, 0.0, 0.0, 0.0, 1.0, 1.0, 0.0, 0.0,Fear
6133, 0, 247.131, 0.88, 1, 3.85, 1.87, 3.03, 2.04, 2.16, 1.03, 1.28, 0.95, 1.81, 1.14, 0.00, 1.05, 1.67, 2.32, 3.72, 2.40, 0.11, 1.0, 1.0, 1.0, 0.0, 0.0, 0.0, 0.0, 1.0, 0.0, 0.0, 0.0, 0.0, 0.0, 0.0, 1.0, 1.0, 0.0, 0.0,Fear
6134, 0, 247.182, 0.88, 1, 3.61, 1.59, 2.99, 2.10, 2.23, 0.77, 1.47, 0.78, 1.76, 1.37, 0.00, 1.25, 1.79, 2.48, 3.59, 2.17, 0.16, 1.0, 1.0, 1.0, 0.0, 0.0, 1.0, 0.0, 1.0, 0.0, 0.0, 0.0, 0.0, 0.0, 0.0, 1.0, 1.0, 0.0, 0.0,Fear
6135, 0, 247.210, 0.88, 1, 3.56, 1.69, 2.83, 1.76, 2.22, 1.30, 1.32, 1.01, 1.89, 1.12, 0.00, 1.30, 1.66, 2.39, 3.71, 2.40, 0.21, 1.0, 1.0, 1.0, 0.0, 0.0, 0.0, 0.0, 1.0, 0.0, 0.0, 0.0, 0.0, 0.0, 0.0, 1.0, 1.0, 0.0, 0.0,Fear
6136, 0, 247.253, 0.88, 1, 3.75, 1.56, 2.80, 2.19, 2.20, 1.01, 1.42, 0.98, 1.85, 1.29, 0.00, 1.18, 1.52, 2.54, 3.44, 2.45, 0.18, 1.0, 1.0, 1.0, 0.0, 0.0, 1.0, 0.0, 1.0, 0.0, 0.0, 0.0, 0.0, 0.0, 1.0, 1.0, 1.0, 0.0, 0.0,Fear
6137, 0, 247.299, 0.88, 1, 3.70, 1.86, 3.00, 1.94, 2.19, 0.74, 1.53, 0.72, 1.78, 1.36, 0.00, 1.22, 1.86, 2.45, 3.66, 2.20, 0.24, 1.0, 1.0, 1.0, 0.0, 0.0, 0.0, 0.0, 1.0, 0.0, 0.0, 0.0, 0.0, 0.0, 0.0, 1.0, 1.0, 0.0, 0.0,Fear
6138, 0, 247.351, 0.88, 1, 3.59, 1.33, 2.74, 1.79, 2.14, 0.64, 1.35, 0.86, 1.86, 1.23, 0.00, 1.41, 2.05, 2.58, 3.42, 2.72, 0.00, 1.0, 1.0, 1.0, 0.0, 0.0, 1.0, 0.0, 1.0, 0.0, 0.0, 0.0, 0.0, 0.0, 0.0, 1.0, 1.0, 0.0, 0.0,Fear
6139, 0, 247.378, 0.88, 1, 3.75, 1.72, 2.88, 1.93, 2.20, 0.87, 1.32, 0.92, 1.77, 1.15, 0.00, 1.65, 1.95, 2.60, 3.36, 2.55, 0.21, 1.0, 1.0, 1.0, 0.0, 0.0, 0.0, 0.0, 1.0, 0.0, 0.0, 0.0, 0.0, 0.0, 0.0, 1.0, 1.0, 0.0, 0.0,Fear
6140, 0, 247.423, 0.88, 1, 3.66, 1.34, 2.77, 1.98, 2.30, 1.12, 1.35, 1.00, 1.73, 1.56, 0.00, 1.45, 1.77, 2.55, 3.60, 2.47, 0.34, 1.0, 1.0, 1.0, 0.0, 0.0, 1.0, 0.0, 1.0, 0.0, 0.0, 0.0, 0.0, 0.0, 0.0, 1.0, 1.0, 0.0, 0.0,Fear
6141, 0, 247.449, 0.88, 1, 3.69, 1.64, 2.85, 2.00, 2.25, 0.90, 1.35, 0.95, 1.86, 1.27, 0.00, 1.31, 1.77, 2.40, 3.58, 2.86, 0.00, 1.0, 1.0, 1.0, 0.0, 0.0, 0.0, 0.0, 1.0, 0.0, 0.0, 0.0, 0.0, 0.0, 0.0, 1.0, 1.0, 0.0, 0.0,Fear
6142, 0, 247.487, 0.02, 0, 0.00, 0.00, 0.00, 0.00, 0.00, 0.00, 0.00, 0.00, 0.00, 0.00, 0.00, 0.00, 0.00, 0.00, 0.00, 0.00, 0.00, 0.0, 0.0, 0.0, 0.0, 0.0, 0.0, 0.0, 0.0, 0.0, 0.0, 0.0, 0.0, 0.0, 0.0, 0.0, 0.0, 0.0, 0.0,Fear
6143, 0, 247.729, 0.02, 0, 0.00, 0.00, 0.00, 0.00, 0.00, 0.00, 0.00, 0.00, 0.00, 0.00, 0.00, 0.00, 0.00, 0.00, 0.00, 0.00, 0.00, 0.0, 0.0, 0.0, 0.0, 0.0, 0.0, 0.0, 0.0, 0.0, 0.0, 0.0, 0.0, 0.0, 0.0, 0.0, 0.0, 0.0, 0.0,Fear
6144, 0, 247.764, 0.88, 1, 3.14, 1.10, 3.01, 1.19, 1.84, 0.69, 1.54, 0.95, 1.82, 1.50, 0.00, 0.65, 1.84, 2.55, 3.65, 2.50, 0.62, 1.0, 1.0, 1.0, 0.0, 0.0, 0.0, 0.0, 1.0, 0.0, 0.0, 0.0, 0.0, 0.0, 1.0, 1.0, 1.0, 0.0, 0.0,Fear
6145, 0, 247.817, 0.88, 1, 2.83, 0.40, 2.60, 0.76, 1.27, 0.29, 1.04, 1.57, 1.61, 1.50, 0.00, 1.61, 1.31, 2.76, 3.28, 2.42, 1.04, 1.0, 0.0, 1.0, 0.0, 0.0, 0.0, 0.0, 1.0, 0.0, 0.0, 0.0, 0.0, 0.0, 1.0, 1.0, 0.0, 0.0, 0.0,Fear
6146, 0, 248.053, 0.88, 1, 3.15, 0.30, 2.59, 1.16, 1.25, 0.45, 0.85, 1.37, 1.58, 1.18, 0.00, 1.37, 1.27, 2.41, 3.88, 2.66, 0.68, 1.0, 0.0, 1.0, 0.0, 0.0, 0.0, 0.0, 1.0, 0.0, 0.0, 0.0, 0.0, 0.0, 0.0, 1.0, 0.0, 0.0, 0.0,Fear
6146, 0, 248.053, 0.88, 1, 3.15, 0.30, 2.59, 1.16, 1.25, 0.45, 0.85, 1.37, 1.58, 1.18, 0.00, 1.37, 1.27, 2.41, 3.88, 2.66, 0.68, 1.0, 0.0, 1.0, 0.0, 0.0, 0.0, 0.0, 1.0, 0.0, 0.0, 0.0, 0.0, 0.0, 0.0, 1.0, 0.0, 0.0, 0.0,Fear
6147, 0, 248.084, 0.88, 1, 3.15, 0.59, 2.57, 1.07, 1.22, 0.62, 0.84, 1.63, 1.65, 1.17, 0.00, 1.10, 1.25, 2.34, 3.87, 2.63, 0.64, 1.0, 0.0, 1.0, 0.0, 0.0, 0.0, 0.0, 1.0, 0.0, 0.0, 0.0, 0.0, 0.0, 0.0, 1.0, 1.0, 0.0, 0.0,Fear
6148, 0, 248.127, 0.88, 1, 3.17, 0.45, 2.64, 1.53, 1.34, 0.87, 0.89, 1.56, 1.74, 1.15, 0.00, 1.24, 1.07, 2.67, 4.05, 2.47, 0.42, 1.0, 0.0, 1.0, 0.0, 0.0, 0.0, 0.0, 1.0, 0.0, 0.0, 0.0, 0.0, 0.0, 0.0, 1.0, 1.0, 0.0, 0.0,Fear
6149, 0, 248.161, 0.88, 1, 3.26, 0.22, 2.82, 1.55, 1.10, 1.19, 0.88, 1.62, 1.66, 0.88, 0.00, 1.29, 1.12, 2.55, 4.02, 2.63, 0.98, 1.0, 0.0, 1.0, 0.0, 0.0, 0.0, 0.0, 1.0, 0.0, 0.0, 0.0, 0.0, 0.0, 1.0, 1.0, 1.0, 0.0, 0.0,Fear
6150, 0, 248.208, 0.88, 1, 3.15, 0.25, 2.41, 1.64, 1.29, 0.81, 0.86, 1.54, 1.58, 1.11, 0.00, 1.03, 1.37, 2.46, 4.14, 2.73, 0.88, 1.0, 0.0, 1.0, 0.0, 0.0, 0.0, 0.0, 1.0, 0.0, 0.0, 0.0, 0.0, 0.0, 0.0, 1.0, 1.0, 0.0, 0.0,Fear
6151, 0, 248.243, 0.88, 1, 3.12, 0.49, 2.72, 1.55, 1.41, 1.03, 0.99, 1.43, 1.62, 1.20, 0.00, 1.27, 1.51, 2.57, 3.96, 2.57, 0.78, 1.0, 0.0, 1.0, 0.0, 0.0, 0.0, 0.0, 1.0, 0.0, 0.0, 0.0, 0.0, 0.0, 0.0, 1.0, 1.0, 0.0, 0.0,Fear
6152, 0, 248.287, 0.88, 1, 3.18, 0.43, 2.85, 1.46, 1.37, 1.33, 0.98, 1.53, 1.65, 0.79, 0.00, 1.17, 1.31, 2.41, 4.02, 2.50, 0.72, 1.0, 0.0, 1.0, 0.0, 0.0, 0.0, 0.0, 1.0, 0.0, 0.0, 0.0, 0.0, 0.0, 0.0, 1.0, 1.0, 0.0, 0.0,Fear
6153, 0, 248.320, 0.88, 1, 3.13, 0.65, 2.57, 1.57, 1.30, 0.81, 1.00, 1.29, 1.59, 0.86, 0.00, 1.35, 1.35, 2.41, 3.91, 2.68, 0.68, 1.0, 0.0, 1.0, 0.0, 0.0, 0.0, 0.0, 1.0, 0.0, 0.0, 0.0, 0.0, 0.0, 0.0, 1.0, 1.0, 0.0, 0.0,Fear
6154, 0, 248.364, 0.88, 1, 3.15, 0.70, 2.69, 1.61, 1.36, 0.95, 1.00, 1.29, 1.58, 0.89, 0.00, 1.29, 1.44, 2.41, 3.97, 2.68, 0.76, 1.0, 0.0, 1.0, 0.0, 0.0, 0.0, 0.0, 1.0, 0.0, 0.0, 0.0, 0.0, 0.0, 0.0, 1.0, 1.0, 0.0, 0.0,Fear
6155, 0, 248.383, 0.88, 1, 3.13, 0.48, 2.73, 1.55, 1.26, 0.94, 1.02, 1.35, 1.53, 1.00, 0.00, 1.18, 1.17, 2.49, 4.10, 2.62, 0.63, 1.0, 0.0, 1.0, 0.0, 0.0, 0.0, 0.0, 1.0, 0.0, 0.0, 0.0, 0.0, 0.0, 0.0, 1.0, 1.0, 0.0, 0.0,Fear
6156, 0, 248.408, 0.88, 1, 3.16, 0.61, 2.61, 1.66, 1.10, 1.32, 0.95, 1.38, 1.67, 1.06, 0.00, 1.17, 1.20, 2.48, 3.72, 2.69, 0.90, 1.0, 0.0, 1.0, 0.0, 0.0, 0.0, 0.0, 1.0, 0.0, 0.0, 0.0, 0.0, 0.0, 0.0, 1.0, 1.0, 0.0, 0.0,Fear
6157, 0, 248.452, 0.88, 1, 3.32, 0.64, 2.61, 1.74, 1.52, 1.22, 1.05, 1.42, 1.73, 1.10, 0.00, 1.21, 1.04, 2.62, 4.00, 2.58, 0.76, 1.0, 0.0, 1.0, 0.0, 0.0, 0.0, 0.0, 1.0, 0.0, 0.0, 0.0, 0.0, 0.0, 1.0, 1.0, 1.0, 0.0, 0.0,Fear
6158, 0, 248.501, 0.88, 1, 3.17, 0.37, 2.69, 1.77, 1.39, 1.17, 1.08, 1.37, 1.60, 1.13, 0.00, 1.09, 1.29, 2.61, 3.91, 2.59, 0.91, 1.0, 0.0, 1.0, 0.0, 0.0, 0.0, 0.0, 1.0, 0.0, 0.0, 0.0, 0.0, 0.0, 0.0, 1.0, 1.0, 0.0, 0.0,Fear
6159, 0, 248.548, 0.88, 1, 3.12, 0.34, 2.70, 1.66, 1.47, 1.08, 0.92, 1.41, 1.72, 0.89, 0.18, 1.19, 1.07, 2.65, 4.26, 2.51, 0.55, 1.0, 0.0, 1.0, 0.0, 0.0, 0.0, 0.0, 1.0, 0.0, 0.0, 0.0, 0.0, 0.0, 0.0, 1.0, 1.0, 0.0, 0.0,Fear
6160, 0, 248.583, 0.88, 1, 3.14, 0.40, 2.50, 1.77, 1.19, 0.57, 0.86, 1.12, 1.45, 0.94, 0.00, 1.14, 0.94, 2.40, 3.99, 2.42, 0.80, 1.0, 0.0, 1.0, 0.0, 0.0, 0.0, 0.0, 1.0, 0.0, 0.0, 0.0, 0.0, 0.0, 0.0, 1.0, 1.0, 0.0, 0.0,Fear
6161, 0, 248.609, 0.88, 1, 3.30, 0.72, 2.92, 1.50, 1.14, 0.94, 0.99, 1.33, 1.56, 1.17, 0.00, 1.23, 0.89, 2.44, 3.86, 2.39, 1.05, 1.0, 0.0, 1.0, 0.0, 0.0, 0.0, 0.0, 1.0, 0.0, 0.0, 0.0, 0.0, 0.0, 0.0, 1.0, 1.0, 0.0, 0.0,Fear
6162, 0, 248.641, 0.88, 1, 3.41, 0.58, 2.69, 1.77, 1.24, 1.05, 1.07, 1.32, 1.56, 1.25, 0.00, 1.16, 1.16, 2.49, 3.78, 2.50, 0.83, 1.0, 0.0, 1.0, 0.0, 0.0, 0.0, 0.0, 1.0, 0.0, 0.0, 0.0, 0.0, 0.0, 0.0, 1.0, 1.0, 0.0, 0.0,Fear
6163, 0, 248.688, 0.88, 1, 3.32, 0.79, 2.70, 1.56, 1.24, 1.09, 0.89, 1.23, 1.64, 1.22, 0.00, 1.14, 1.09, 2.61, 4.20, 2.61, 0.88, 1.0, 0.0, 1.0, 0.0, 0.0, 0.0, 0.0, 1.0, 0.0, 0.0, 0.0, 0.0, 0.0, 1.0, 1.0, 1.0, 0.0, 0.0,Fear
6164, 0, 248.721, 0.88, 1, 3.20, 0.74, 2.70, 1.44, 1.20, 0.93, 0.97, 1.32, 1.51, 1.22, 0.00, 1.19, 1.16, 2.66, 3.83, 2.38, 0.84, 1.0, 0.0, 1.0, 0.0, 0.0, 0.0, 0.0, 1.0, 0.0, 0.0, 0.0, 0.0, 0.0, 1.0, 1.0, 1.0, 0.0, 0.0,Fear
6165, 0, 248.743, 0.88, 1, 3.22, 0.81, 2.69, 1.50, 1.24, 0.81, 0.95, 1.37, 1.53, 1.23, 0.00, 1.22, 1.22, 2.69, 3.83, 2.51, 0.81, 1.0, 0.0, 1.0, 0.0, 0.0, 0.0, 0.0, 1.0, 0.0, 0.0, 0.0, 0.0, 0.0, 0.0, 1.0, 1.0, 0.0, 0.0,Fear
6166, 0, 248.770, 0.88, 1, 3.23, 0.43, 2.81, 1.62, 1.32, 1.07, 0.98, 1.31, 1.57, 1.11, 0.00, 1.15, 0.96, 2.70, 3.70, 2.64, 0.88, 1.0, 0.0, 1.0, 0.0, 0.0, 0.0, 0.0, 1.0, 0.0, 0.0, 0.0, 0.0, 0.0, 0.0, 1.0, 1.0, 0.0, 0.0,Fear
6167, 0, 248.801, 0.88, 1, 3.21, 0.46, 2.84, 1.42, 1.36, 1.12, 1.00, 1.58, 1.59, 1.00, 0.00, 1.37, 0.98, 2.75, 3.67, 2.34, 0.79, 1.0, 0.0, 1.0, 0.0, 0.0, 0.0, 0.0, 1.0, 0.0, 0.0, 0.0, 0.0, 0.0, 1.0, 1.0, 1.0, 0.0, 0.0,Fear
6168, 0, 248.849, 0.88, 1, 3.13, 0.42, 2.79, 1.29, 1.47, 0.88, 0.98, 1.34, 1.82, 0.90, 0.03, 1.20, 0.78, 2.67, 3.70, 2.27, 1.00, 1.0, 0.0, 1.0, 0.0, 0.0, 0.0, 0.0, 1.0, 0.0, 0.0, 0.0, 0.0, 0.0, 0.0, 1.0, 1.0, 0.0, 0.0,Fear
6169, 0, 248.881, 0.88, 1, 3.20, 0.34, 2.72, 1.68, 1.28, 0.95, 0.89, 1.46, 1.48, 0.78, 0.00, 1.13, 1.05, 2.55, 3.93, 2.36, 1.13, 1.0, 0.0, 1.0, 0.0, 0.0, 0.0, 0.0, 1.0, 0.0, 0.0, 0.0, 0.0, 0.0, 1.0, 1.0, 1.0, 0.0, 0.0,Fear
6170, 0, 248.928, 0.88, 1, 3.09, 0.47, 2.62, 1.42, 1.40, 1.00, 1.09, 1.41, 1.68, 0.82, 0.00, 1.19, 1.07, 2.62, 3.83, 2.44, 0.73, 1.0, 0.0, 1.0, 0.0, 0.0, 0.0, 0.0, 1.0, 0.0, 0.0, 0.0, 0.0, 0.0, 0.0, 1.0, 1.0, 0.0, 0.0,Fear
6171, 0, 248.962, 0.88, 1, 3.45, 0.74, 2.82, 1.37, 1.09, 0.92, 1.11, 1.35, 1.42, 1.04, 0.00, 1.37, 1.14, 2.53, 3.62, 2.56, 0.57, 1.0, 0.0, 1.0, 0.0, 0.0, 0.0, 0.0, 1.0, 0.0, 0.0, 0.0, 0.0, 0.0, 0.0, 1.0, 1.0, 0.0, 0.0,Fear
6172, 0, 249.008, 0.88, 1, 3.26, 0.44, 2.64, 1.52, 1.29, 0.42, 0.98, 1.41, 1.68, 0.64, 0.00, 1.11, 1.11, 2.55, 3.94, 2.29, 0.89, 1.0, 0.0, 1.0, 0.0, 0.0, 0.0, 0.0, 1.0, 0.0, 0.0, 0.0, 0.0, 0.0, 0.0, 1.0, 1.0, 0.0, 0.0,Fear
6173, 0, 249.041, 0.88, 1, 3.12, 0.46, 2.77, 1.65, 1.28, 0.90, 0.97, 1.43, 1.54, 0.97, 0.00, 1.33, 1.17, 2.67, 3.69, 2.45, 1.01, 1.0, 0.0, 1.0, 0.0, 0.0, 0.0, 0.0, 1.0, 0.0, 0.0, 0.0, 0.0, 0.0, 0.0, 1.0, 1.0, 0.0, 0.0,Fear
8745, 0, 353.330, 0.98, 1, 0.00, 0.21, 1.24, 0.69, 2.25, 1.74, 0.59, 2.33, 2.19, 2.24, 0.29, 0.00, 1.75, 0.90, 3.65, 0.50, 0.51, 0.0, 0.0, 1.0, 1.0, 1.0, 1.0, 0.0, 1.0, 1.0, 1.0, 0.0, 0.0, 0.0, 0.0, 1.0, 0.0, 0.0, 0.0,Happy
8746, 0, 353.363, 0.98, 1, 0.00, 0.19, 1.50, 0.35, 2.14, 1.52, 0.59, 2.35, 2.18, 2.23, 0.10, 0.00, 1.91, 0.90, 3.60, 0.46, 0.60, 0.0, 0.0, 1.0, 1.0, 1.0, 0.0, 0.0, 1.0, 1.0, 1.0, 0.0, 0.0, 0.0, 0.0, 1.0, 0.0, 0.0, 0.0,Happy
8747, 0, 353.409, 0.98, 1, 0.00, 0.09, 1.57, 0.38, 2.19, 1.59, 0.59, 2.39, 2.25, 2.42, 0.36, 0.00, 1.71, 0.84, 3.69, 0.87, 0.56, 0.0, 0.0, 1.0, 1.0, 1.0, 1.0, 0.0, 1.0, 1.0, 1.0, 0.0, 0.0, 0.0, 0.0, 1.0, 1.0, 0.0, 0.0,Happy
8748, 0, 353.448, 0.98, 1, 0.00, 0.00, 1.45, 0.53, 2.13, 1.38, 0.46, 2.28, 2.26, 2.09, 0.25, 0.00, 1.44, 0.79, 3.57, 0.43, 0.57, 0.0, 0.0, 1.0, 1.0, 1.0, 1.0, 0.0, 1.0, 1.0, 1.0, 0.0, 0.0, 0.0, 0.0, 1.0, 0.0, 0.0, 0.0,Happy
8749, 0, 353.492, 0.98, 1, 0.00, 0.19, 1.41, 0.58, 2.24, 1.69, 0.56, 2.48, 2.30, 2.29, 0.29, 0.00, 1.80, 0.83, 3.51, 0.35, 0.52, 0.0, 0.0, 1.0, 1.0, 1.0, 1.0, 0.0, 1.0, 1.0, 1.0, 0.0, 0.0, 0.0, 0.0, 1.0, 0.0, 0.0, 0.0,Happy
8750, 0, 353.530, 0.98, 1, 0.00, 0.32, 1.29, 0.50, 2.18, 1.64, 0.53, 2.56, 2.24, 2.01, 0.23, 0.00, 1.80, 0.79, 3.46, 0.64, 0.57, 0.0, 0.0, 1.0, 1.0, 1.0, 1.0, 0.0, 1.0, 1.0, 1.0, 0.0, 0.0, 0.0, 0.0, 1.0, 1.0, 0.0, 0.0,Happy
8751, 0, 353.571, 0.98, 1, 0.00, 0.10, 1.35, 0.33, 2.22, 1.48, 0.61, 2.35, 2.28, 2.15, 0.08, 0.00, 1.70, 0.85, 3.69, 0.41, 0.40, 0.0, 0.0, 1.0, 1.0, 1.0, 0.0, 0.0, 1.0, 1.0, 1.0, 0.0, 0.0, 0.0, 0.0, 1.0, 1.0, 0.0, 0.0,Happy
8752, 0, 353.609, 0.98, 1, 0.02, 0.01, 1.61, 0.64, 2.23, 1.94, 0.40, 2.10, 2.23, 2.06, 0.18, 0.00, 2.13, 0.82, 3.53, 0.81, 0.56, 0.0, 0.0, 1.0, 0.0, 1.0, 1.0, 0.0, 1.0, 1.0, 1.0, 0.0, 0.0, 1.0, 0.0, 1.0, 1.0, 0.0, 0.0,Happy
8753, 0, 353.652, 0.98, 1, 0.00, 0.11, 1.41, 0.63, 2.14, 1.58, 0.48, 2.22, 2.23, 2.02, 0.25, 0.00, 1.79, 0.79, 3.51, 0.36, 0.62, 0.0, 0.0, 1.0, 1.0, 1.0, 1.0, 0.0, 1.0, 1.0, 1.0, 0.0, 0.0, 0.0, 0.0, 1.0, 0.0, 0.0, 0.0,Happy
8754, 0, 353.686, 0.98, 1, 0.01, 0.10, 1.24, 0.89, 2.18, 1.68, 0.54, 2.54, 2.25, 2.14, 0.12, 0.00, 1.79, 0.78, 3.54, 0.30, 0.28, 0.0, 0.0, 1.0, 1.0, 1.0, 0.0, 0.0, 1.0, 1.0, 1.0, 0.0, 0.0, 0.0, 0.0, 1.0, 1.0, 0.0, 0.0,Happy
8755, 0, 353.732, 0.98, 1, 0.18, 0.02, 1.55, 0.49, 2.14, 1.56, 0.45, 2.44, 2.20, 2.05, 0.17, 0.00, 2.03, 0.81, 3.73, 0.48, 0.65, 0.0, 0.0, 1.0, 0.0, 1.0, 0.0, 0.0, 1.0, 1.0, 1.0, 0.0, 0.0, 0.0, 0.0, 1.0, 1.0, 0.0, 0.0,Happy
8756, 0, 353.784, 0.98, 1, 0.00, 0.00, 1.45, 0.41, 2.23, 1.64, 0.65, 2.37, 2.20, 1.98, 0.28, 0.00, 1.65, 0.82, 3.62, 0.37, 0.26, 0.0, 0.0, 1.0, 0.0, 1.0, 1.0, 0.0, 1.0, 1.0, 1.0, 0.0, 0.0, 0.0, 0.0, 1.0, 0.0, 0.0, 0.0,Happy
8757, 0, 353.808, 0.98, 1, 0.12, 0.23, 1.51, 0.35, 2.09, 1.62, 0.45, 2.20, 2.17, 2.34, 0.19, 0.00, 1.79, 0.86, 3.62, 0.43, 0.60, 0.0, 0.0, 1.0, 0.0, 1.0, 1.0, 0.0, 1.0, 1.0, 1.0, 0.0, 0.0, 0.0, 0.0, 1.0, 1.0, 0.0, 0.0,Happy
8758, 0, 353.840, 0.98, 1, 0.06, 0.43, 1.63, 0.44, 2.22, 1.64, 0.54, 2.27, 2.28, 2.07, 0.25, 0.00, 1.68, 0.83, 3.64, 0.76, 0.85, 0.0, 0.0, 1.0, 0.0, 1.0, 0.0, 0.0, 1.0, 1.0, 1.0, 0.0, 0.0, 0.0, 0.0, 1.0, 1.0, 0.0, 0.0,Happy
8759, 0, 353.893, 0.98, 1, 0.00, 0.16, 1.40, 0.47, 2.16, 1.75, 0.40, 2.56, 2.33, 2.11, 0.24, 0.04, 1.56, 0.78, 3.57, 0.60, 0.48, 0.0, 0.0, 1.0, 1.0, 1.0, 1.0, 0.0, 1.0, 1.0, 1.0, 0.0, 0.0, 0.0, 0.0, 1.0, 1.0, 0.0, 0.0,Happy
8760, 0, 353.939, 0.98, 1, 0.00, 0.00, 1.31, 0.40, 2.17, 1.52, 0.46, 2.32, 2.22, 2.23, 0.24, 0.07, 1.92, 0.94, 3.55, 0.74, 0.43, 0.0, 0.0, 1.0, 1.0, 1.0, 1.0, 0.0, 1.0, 1.0, 1.0, 0.0, 0.0, 0.0, 0.0, 1.0, 1.0, 0.0, 0.0,Happy
8761, 0, 353.969, 0.98, 1, 0.00, 0.22, 1.50, 0.30, 2.17, 1.34, 0.42, 2.29, 2.18, 2.19, 0.34, 0.07, 1.63, 0.92, 3.76, 0.82, 0.37, 0.0, 0.0, 1.0, 1.0, 1.0, 0.0, 0.0, 1.0, 1.0, 1.0, 0.0, 0.0, 0.0, 0.0, 1.0, 1.0, 0.0, 0.0,Happy
8762, 0, 353.996, 0.98, 1, 0.00, 0.19, 1.53, 0.47, 2.18, 1.37, 0.49, 2.37, 2.23, 2.15, 0.29, 0.14, 1.54, 0.92, 3.78, 0.82, 0.41, 0.0, 0.0, 1.0, 1.0, 1.0, 0.0, 0.0, 1.0, 1.0, 1.0, 0.0, 0.0, 0.0, 0.0, 1.0, 1.0, 0.0, 0.0,Happy
8763, 0, 354.019, 0.98, 1, 0.05, 0.13, 1.65, 0.48, 2.14, 1.52, 0.55, 2.44, 2.20, 2.35, 0.00, 0.00, 1.66, 0.79, 3.53, 0.64, 0.51, 0.0, 0.0, 1.0, 0.0, 1.0, 1.0, 0.0, 1.0, 1.0, 1.0, 0.0, 0.0, 0.0, 0.0, 1.0, 1.0, 0.0, 0.0,Happy
8764, 0, 354.049, 0.98, 1, 0.00, 0.00, 1.15, 0.16, 2.10, 1.69, 0.67, 2.40, 2.23, 2.03, 0.00, 0.00, 1.78, 0.70, 3.54, 0.84, 0.50, 0.0, 0.0, 1.0, 1.0, 1.0, 1.0, 0.0, 1.0, 1.0, 1.0, 0.0, 0.0, 0.0, 0.0, 1.0, 1.0, 0.0, 0.0,Happy
8765, 0, 354.081, 0.98, 1, 0.00, 0.11, 1.21, 0.50, 2.14, 1.46, 0.52, 2.18, 2.23, 2.00, 0.03, 0.00, 1.58, 0.76, 3.62, 0.36, 0.55, 0.0, 0.0, 1.0, 1.0, 1.0, 1.0, 0.0, 1.0, 1.0, 1.0, 0.0, 0.0, 0.0, 0.0, 1.0, 0.0, 0.0, 0.0,Happy
8766, 0, 354.131, 0.98, 1, 0.00, 0.22, 1.38, 0.54, 2.24, 1.67, 0.69, 2.20, 2.17, 2.18, 0.18, 0.00, 1.65, 0.73, 3.55, 0.59, 0.37, 0.0, 0.0, 1.0, 1.0, 1.0, 0.0, 0.0, 1.0, 1.0, 1.0, 0.0, 0.0, 0.0, 0.0, 1.0, 1.0, 0.0, 0.0,Happy
8767, 0, 354.189, 0.98, 1, 0.00, 0.00, 1.59, 0.61, 2.32, 1.80, 0.61, 2.44, 2.22, 2.02, 0.06, 0.00, 1.58, 0.80, 3.56, 0.46, 0.78, 0.0, 0.0, 1.0, 1.0, 1.0, 1.0, 0.0, 1.0, 1.0, 1.0, 0.0, 0.0, 0.0, 0.0, 1.0, 1.0, 0.0, 0.0,Happy
8768, 0, 354.221, 0.98, 1, 0.07, 0.02, 1.62, 0.45, 2.24, 1.72, 0.65, 2.31, 2.30, 1.91, 0.47, 0.00, 1.59, 0.74, 3.76, 0.73, 0.46, 0.0, 0.0, 1.0, 1.0, 1.0, 0.0, 0.0, 1.0, 1.0, 1.0, 0.0, 0.0, 0.0, 0.0, 1.0, 1.0, 0.0, 0.0,Happy
8769, 0, 354.247, 0.98, 1, 0.00, 0.00, 1.22, 0.27, 2.29, 1.80, 0.44, 2.39, 2.17, 2.03, 0.18, 0.00, 1.82, 0.76, 3.61, 0.36, 0.34, 0.0, 0.0, 1.0, 0.0, 1.0, 1.0, 0.0, 1.0, 1.0, 1.0, 0.0, 0.0, 0.0, 0.0, 1.0, 0.0, 0.0, 0.0,Happy
8770, 0, 354.291, 0.98, 1, 0.00, 0.00, 1.28, 0.39, 2.21, 1.82, 0.61, 2.41, 2.21, 1.88, 0.28, 0.02, 1.77, 0.75, 3.52, 0.57, 0.27, 0.0, 0.0, 1.0, 1.0, 1.0, 1.0, 0.0, 1.0, 1.0, 1.0, 0.0, 0.0, 0.0, 0.0, 1.0, 1.0, 0.0, 0.0,Happy
8771, 0, 354.344, 0.98, 1, 0.00, 0.11, 1.64, 0.57, 2.22, 1.82, 0.53, 2.33, 2.27, 1.90, 0.40, 0.00, 1.62, 0.74, 3.47, 0.59, 0.52, 0.0, 0.0, 1.0, 1.0, 1.0, 1.0, 0.0, 1.0, 1.0, 1.0, 0.0, 0.0, 0.0, 0.0, 1.0, 0.0, 0.0, 0.0,Happy
8772, 0, 354.370, 0.98, 1, 0.00, 0.46, 1.62, 0.41, 2.17, 1.77, 0.56, 2.28, 2.20, 2.08, 0.28, 0.00, 1.53, 0.77, 3.53, 0.38, 0.46, 0.0, 0.0, 1.0, 0.0, 1.0, 1.0, 0.0, 1.0, 1.0, 1.0, 0.0, 0.0, 0.0, 0.0, 1.0, 0.0, 0.0, 0.0,Happy
8773, 0, 354.401, 0.98, 1, 0.00, 0.03, 1.45, 0.64, 2.17, 1.64, 0.58, 2.15, 2.20, 2.19, 0.08, 0.00, 1.68, 0.81, 3.65, 0.77, 0.53, 0.0, 0.0, 1.0, 1.0, 1.0, 1.0, 0.0, 1.0, 1.0, 1.0, 0.0, 0.0, 0.0, 0.0, 1.0, 1.0, 0.0, 0.0,Happy
8774, 0, 354.450, 0.98, 1, 0.00, 0.22, 1.44, 0.37, 2.17, 1.69, 0.55, 2.21, 2.21, 2.05, 0.46, 0.01, 1.90, 0.88, 3.87, 0.72, 0.63, 0.0, 0.0, 1.0, 0.0, 1.0, 1.0, 0.0, 1.0, 1.0, 1.0, 0.0, 0.0, 0.0, 0.0, 1.0, 1.0, 0.0, 0.0,Happy
8775, 0, 354.480, 0.98, 1, 0.03, 0.00, 1.72, 0.28, 2.20, 1.72, 0.51, 2.38, 2.13, 2.02, 0.39, 0.00, 1.78, 0.77, 3.80, 0.54, 0.51, 0.0, 0.0, 1.0, 1.0, 1.0, 1.0, 0.0, 1.0, 1.0, 1.0, 0.0, 0.0, 0.0, 0.0, 1.0, 1.0, 0.0, 0.0,Happy
8776, 0, 354.530, 0.98, 1, 0.00, 0.00, 1.51, 0.64, 2.21, 1.68, 0.57, 2.42, 2.19, 2.19, 0.24, 0.16, 1.89, 0.83, 3.53, 0.51, 0.43, 0.0, 0.0, 1.0, 1.0, 1.0, 0.0, 0.0, 1.0, 1.0, 1.0, 0.0, 0.0, 0.0, 0.0, 1.0, 0.0, 0.0, 0.0,Happy
8777, 0, 354.570, 0.98, 1, 0.04, 0.18, 1.51, 0.32, 2.17, 1.81, 0.58, 2.33, 2.16, 2.15, 0.11, 0.00, 1.89, 0.76, 3.63, 0.56, 0.45, 0.0, 0.0, 1.0, 0.0, 1.0, 1.0, 0.0, 1.0, 1.0, 1.0, 0.0, 0.0, 0.0, 0.0, 1.0, 0.0, 0.0, 0.0,Happy
8778, 0, 354.611, 0.98, 1, 0.00, 0.00, 1.64, 0.24, 2.19, 1.85, 0.56, 2.24, 2.26, 2.05, 0.05, 0.01, 1.81, 0.72, 3.46, 0.79, 0.58, 0.0, 0.0, 1.0, 1.0, 1.0, 1.0, 0.0, 1.0, 1.0, 1.0, 0.0, 0.0, 0.0, 0.0, 1.0, 1.0, 0.0, 0.0,Happy
8779, 0, 354.649, 0.98, 1, 0.00, 0.00, 1.44, 0.29, 2.19, 1.91, 0.55, 2.26, 2.13, 2.28, 0.26, 0.00, 1.91, 0.78, 3.55, 0.69, 0.68, 0.0, 0.0, 1.0, 1.0, 1.0, 0.0, 0.0, 1.0, 1.0, 1.0, 0.0, 0.0, 0.0, 0.0, 1.0, 1.0, 0.0, 0.0,Happy
8780, 0, 354.691, 0.98, 1, 0.00, 0.15, 1.67, 0.36, 2.17, 1.38, 0.46, 2.26, 2.25, 1.94, 0.21, 0.00, 1.82, 0.78, 3.75, 0.57, 0.45, 0.0, 0.0, 1.0, 1.0, 1.0, 1.0, 0.0, 1.0, 1.0, 1.0, 0.0, 0.0, 0.0, 0.0, 1.0, 0.0, 0.0, 0.0,Happy
8781, 0, 354.729, 0.98, 1, 0.00, 0.00, 1.48, 0.26, 2.22, 1.68, 0.52, 2.25, 2.17, 1.88, 0.00, 0.11, 1.87, 0.81, 3.50, 0.68, 0.58, 0.0, 0.0, 1.0, 1.0, 1.0, 1.0, 0.0, 1.0, 1.0, 1.0, 0.0, 0.0, 1.0, 0.0, 1.0, 1.0, 0.0, 0.0,Happy
8782, 0, 354.771, 0.98, 1, 0.00, 0.12, 1.61, 0.25, 2.11, 2.17, 0.49, 2.26, 2.08, 1.80, 0.43, 0.17, 1.86, 0.82, 3.73, 0.70, 0.60, 0.0, 0.0, 1.0, 1.0, 1.0, 1.0, 0.0, 1.0, 1.0, 1.0, 0.0, 0.0, 0.0, 0.0, 1.0, 1.0, 0.0, 0.0,Happy
8783, 0, 354.808, 0.98, 1, 0.00, 0.00, 1.53, 0.33, 2.24, 1.55, 0.71, 2.52, 2.18, 2.12, 0.04, 0.10, 1.95, 0.76, 3.59, 0.79, 0.11, 0.0, 0.0, 1.0, 1.0, 1.0, 0.0, 0.0, 1.0, 1.0, 1.0, 0.0, 0.0, 0.0, 0.0, 1.0, 0.0, 0.0, 0.0,Happy
8784, 0, 354.850, 0.98, 1, 0.00, 0.00, 1.53, 0.32, 2.25, 1.87, 0.59, 2.49, 2.18, 2.12, 0.37, 0.08, 2.05, 0.77, 3.59, 0.56, 0.60, 0.0, 0.0, 1.0, 1.0, 1.0, 1.0, 0.0, 1.0, 1.0, 1.0, 0.0, 0.0, 1.0, 0.0, 1.0, 0.0, 0.0, 0.0,Happy
8785, 0, 354.879, 0.98, 1, 0.01, 0.27, 1.57, 0.53, 2.18, 1.58, 0.67, 2.12, 2.07, 2.14, 0.05, 0.05, 1.84, 0.76, 3.62, 0.58, 0.64, 0.0, 0.0, 1.0, 1.0, 1.0, 1.0, 0.0, 1.0, 1.0, 1.0, 0.0, 0.0, 0.0, 0.0, 1.0, 0.0, 0.0, 0.0,Happy
8785, 0, 354.879, 0.98, 1, 0.01, 0.27, 1.57, 0.53, 2.18, 1.58, 0.67, 2.12, 2.07, 2.14, 0.05, 0.05, 1.84, 0.76, 3.62, 0.58, 0.64, 0.0, 0.0, 1.0, 1.0, 1.0, 1.0, 0.0, 1.0, 1.0, 1.0, 0.0, 0.0, 0.0, 0.0, 1.0, 0.0, 0.0, 0.0,Happy
8786, 0, 354.929, 0.98, 1, 0.00, 0.00, 1.44, 0.21, 2.33, 2.17, 0.65, 2.46, 2.11, 2.21, 0.07, 0.05, 1.75, 0.77, 3.53, 0.82, 0.56, 0.0, 0.0, 1.0, 1.0, 1.0, 1.0, 0.0, 1.0, 1.0, 1.0, 0.0, 0.0, 0.0, 0.0, 1.0, 1.0, 0.0, 0.0,Happy
8787, 0, 354.982, 0.98, 1, 0.00, 0.00, 1.62, 0.34, 2.20, 1.70, 0.55, 2.31, 2.12, 2.12, 0.20, 0.16, 1.96, 0.81, 3.60, 0.59, 0.41, 0.0, 0.0, 1.0, 1.0, 1.0, 1.0, 0.0, 1.0, 1.0, 1.0, 0.0, 0.0, 0.0, 0.0, 1.0, 0.0, 0.0, 0.0,Happy
8788, 0, 355.012, 0.98, 1, 0.00, 0.00, 1.57, 0.89, 2.20, 1.83, 0.54, 2.35, 2.15, 2.06, 0.57, 0.17, 1.81, 0.85, 3.63, 0.65, 0.68, 0.0, 0.0, 1.0, 1.0, 1.0, 1.0, 0.0, 1.0, 1.0, 1.0, 0.0, 0.0, 0.0, 0.0, 1.0, 0.0, 0.0, 0.0,Happy
8789, 0, 355.041, 0.98, 1, 0.00, 0.34, 1.65, 0.32, 2.18, 1.79, 0.69, 2.35, 2.14, 2.04, 0.10, 0.18, 1.83, 0.87, 3.61, 0.97, 0.84, 0.0, 0.0, 1.0, 1.0, 1.0, 1.0, 0.0, 1.0, 1.0, 1.0, 0.0, 0.0, 0.0, 0.0, 1.0, 1.0, 0.0, 0.0,Happy
8790, 0, 355.089, 0.98, 1, 0.00, 0.15, 1.41, 0.40, 2.22, 1.90, 0.66, 2.22, 2.22, 2.05, 0.13, 0.05, 1.74, 0.77, 3.44, 0.54, 0.70, 0.0, 0.0, 1.0, 1.0, 1.0, 1.0, 0.0, 1.0, 1.0, 1.0, 0.0, 0.0, 0.0, 0.0, 1.0, 1.0, 0.0, 0.0,Happy
8791, 0, 355.119, 0.98, 1, 0.00, 0.11, 1.86, 0.33, 2.29, 2.14, 0.54, 2.18, 2.09, 2.14, 0.28, 0.50, 1.78, 0.90, 3.40, 0.85, 0.41, 0.0, 0.0, 1.0, 1.0, 1.0, 1.0, 0.0, 1.0, 1.0, 1.0, 0.0, 0.0, 0.0, 0.0, 1.0, 1.0, 0.0, 0.0,Happy
8792, 0, 355.168, 0.98, 1, 0.00, 0.13, 1.26, 0.62, 2.15, 1.93, 0.58, 2.20, 2.17, 2.09, 0.19, 0.27, 1.63, 0.96, 3.38, 0.49, 0.82, 0.0, 0.0, 1.0, 1.0, 1.0, 1.0, 0.0, 1.0, 1.0, 1.0, 0.0, 0.0, 0.0, 0.0, 1.0, 0.0, 0.0, 0.0,Happy
8793, 0, 355.194, 0.98, 1, 0.00, 0.15, 1.19, 0.57, 2.16, 1.81, 0.59, 2.14, 2.17, 2.07, 0.22, 0.26, 1.60, 0.94, 3.32, 0.49, 0.74, 0.0, 0.0, 1.0, 1.0, 1.0, 1.0, 0.0, 1.0, 1.0, 1.0, 0.0, 0.0, 0.0, 0.0, 1.0, 0.0, 0.0, 0.0,Happy
9129, 0, 369.047, 0.98, 1, 0.34, 0.43, 1.47, 0.35, 0.82, 0.82, 0.25, 0.96, 0.68, 1.12, 1.73, 1.75, 1.53, 1.52, 0.98, 0.23, 1.34, 0.0, 0.0, 1.0, 0.0, 0.0, 0.0, 0.0, 1.0, 0.0, 1.0, 0.0, 0.0, 0.0, 0.0, 0.0, 0.0, 0.0, 0.0,Neutral
9130, 0, 369.092, 0.98, 1, 0.51, 0.63, 1.14, 0.44, 0.78, 0.76, 0.25, 0.83, 0.76, 1.25, 1.59, 1.81, 1.28, 1.57, 0.93, 0.05, 1.15, 0.0, 0.0, 1.0, 0.0, 0.0, 0.0, 0.0, 1.0, 0.0, 1.0, 0.0, 0.0, 0.0, 0.0, 0.0, 0.0, 0.0, 0.0,Neutral
9131, 0, 369.132, 0.98, 1, 0.56, 0.47, 1.41, 0.44, 0.83, 1.00, 0.26, 0.83, 0.71, 1.52, 1.75, 1.79, 1.25, 1.52, 0.82, 0.00, 1.02, 0.0, 0.0, 1.0, 1.0, 0.0, 0.0, 0.0, 1.0, 0.0, 1.0, 0.0, 0.0, 0.0, 0.0, 0.0, 0.0, 0.0, 0.0,Neutral
9132, 0, 369.170, 0.98, 1, 0.50, 0.73, 1.20, 0.35, 0.68, 0.82, 0.28, 0.73, 0.69, 1.28, 1.49, 1.61, 1.21, 1.37, 0.67, 0.00, 1.29, 0.0, 0.0, 1.0, 0.0, 0.0, 0.0, 0.0, 1.0, 0.0, 1.0, 0.0, 0.0, 0.0, 0.0, 0.0, 0.0, 0.0, 0.0,Neutral
9133, 0, 369.194, 0.98, 1, 0.53, 0.75, 1.20, 0.48, 0.74, 0.73, 0.25, 0.77, 0.70, 1.25, 1.54, 1.52, 1.07, 1.33, 0.68, 0.00, 1.35, 0.0, 0.0, 1.0, 0.0, 0.0, 0.0, 0.0, 1.0, 0.0, 1.0, 0.0, 0.0, 0.0, 0.0, 0.0, 0.0, 0.0, 0.0,Neutral
9134, 0, 369.220, 0.98, 1, 0.39, 0.22, 1.28, 0.39, 0.86, 0.98, 0.47, 0.99, 0.79, 1.33, 1.25, 1.63, 1.29, 1.42, 0.78, 0.05, 1.13, 0.0, 0.0, 1.0, 0.0, 0.0, 0.0, 0.0, 1.0, 0.0, 1.0, 0.0, 0.0, 0.0, 0.0, 0.0, 0.0, 0.0, 0.0,Neutral
9135, 0, 369.248, 0.98, 1, 0.38, 0.23, 1.16, 0.25, 0.85, 0.51, 0.37, 0.99, 0.73, 1.32, 1.63, 1.90, 1.42, 1.44, 0.79, 0.10, 1.35, 0.0, 0.0, 1.0, 0.0, 0.0, 0.0, 0.0, 1.0, 0.0, 1.0, 0.0, 0.0, 0.0, 0.0, 0.0, 0.0, 0.0, 0.0,Neutral
9136, 0, 369.281, 0.98, 1, 0.36, 0.33, 1.26, 0.47, 0.76, 0.81, 0.28, 0.93, 0.78, 1.32, 1.52, 1.72, 1.44, 1.36, 0.66, 0.13, 1.16, 0.0, 0.0, 1.0, 1.0, 0.0, 0.0, 0.0, 1.0, 0.0, 1.0, 0.0, 0.0, 0.0, 0.0, 0.0, 0.0, 0.0, 0.0,Neutral
9137, 0, 369.331, 0.98, 1, 0.50, 0.36, 1.42, 0.22, 0.82, 0.70, 0.33, 0.79, 0.68, 1.51, 1.62, 1.74, 1.38, 1.34, 0.82, 0.15, 1.24, 0.0, 0.0, 1.0, 0.0, 0.0, 0.0, 0.0, 0.0, 0.0, 1.0, 0.0, 0.0, 0.0, 0.0, 0.0, 0.0, 0.0, 0.0,Neutral
9138, 0, 369.383, 0.98, 1, 0.35, 0.27, 1.14, 0.61, 0.93, 1.21, 0.36, 0.76, 0.66, 1.43, 1.49, 1.61, 1.38, 1.42, 0.75, 0.00, 1.17, 0.0, 0.0, 1.0, 0.0, 0.0, 0.0, 0.0, 0.0, 0.0, 1.0, 0.0, 0.0, 0.0, 0.0, 0.0, 0.0, 0.0, 0.0,Neutral
9139, 0, 369.412, 0.98, 1, 0.32, 0.35, 1.10, 0.42, 0.89, 0.77, 0.38, 0.67, 0.66, 1.36, 1.59, 1.62, 1.40, 1.40, 0.76, 0.14, 1.10, 0.0, 0.0, 1.0, 0.0, 0.0, 0.0, 0.0, 0.0, 0.0, 1.0, 0.0, 0.0, 0.0, 0.0, 0.0, 0.0, 0.0, 0.0,Neutral
9140, 0, 369.441, 0.98, 1, 0.45, 0.23, 1.33, 0.35, 0.82, 0.57, 0.38, 0.89, 0.58, 1.23, 1.65, 2.05, 1.05, 1.52, 0.61, 0.04, 1.30, 0.0, 0.0, 1.0, 0.0, 0.0, 0.0, 0.0, 1.0, 0.0, 1.0, 0.0, 1.0, 0.0, 0.0, 0.0, 0.0, 0.0, 0.0,Neutral
9141, 0, 369.488, 0.98, 1, 0.36, 0.34, 1.29, 0.12, 0.79, 0.62, 0.29, 0.68, 0.59, 1.37, 1.56, 1.88, 1.19, 1.46, 0.53, 0.11, 1.21, 0.0, 0.0, 1.0, 0.0, 0.0, 0.0, 0.0, 0.0, 0.0, 1.0, 0.0, 0.0, 0.0, 0.0, 0.0, 0.0, 0.0, 0.0,Neutral
9142, 0, 369.520, 0.98, 1, 0.45, 0.19, 1.59, 0.61, 0.81, 0.61, 0.38, 0.82, 0.68, 1.54, 1.55, 1.89, 1.27, 1.51, 0.78, 0.01, 1.07, 0.0, 0.0, 1.0, 0.0, 0.0, 0.0, 0.0, 0.0, 0.0, 1.0, 0.0, 0.0, 0.0, 0.0, 0.0, 0.0, 0.0, 0.0,Neutral
9143, 0, 369.570, 0.98, 1, 0.53, 0.32, 1.42, 0.32, 0.90, 0.97, 0.31, 0.85, 0.71, 1.44, 1.81, 1.79, 1.50, 1.50, 0.83, 0.29, 1.04, 0.0, 0.0, 1.0, 1.0, 0.0, 0.0, 0.0, 1.0, 0.0, 1.0, 0.0, 0.0, 0.0, 0.0, 0.0, 0.0, 0.0, 0.0,Neutral
9144, 0, 369.615, 0.98, 1, 0.38, 0.54, 1.33, 0.16, 0.84, 0.76, 0.12, 0.97, 0.72, 1.39, 1.57, 1.55, 1.44, 1.53, 0.75, 0.01, 1.10, 0.0, 0.0, 1.0, 0.0, 0.0, 0.0, 0.0, 1.0, 0.0, 1.0, 0.0, 0.0, 0.0, 0.0, 0.0, 0.0, 0.0, 0.0,Neutral
9145, 0, 369.653, 0.98, 1, 0.56, 0.30, 1.61, 0.06, 0.91, 0.72, 0.20, 0.66, 0.68, 1.41, 1.44, 1.78, 1.31, 1.56, 0.71, 0.19, 1.09, 0.0, 0.0, 1.0, 0.0, 0.0, 0.0, 0.0, 1.0, 0.0, 1.0, 0.0, 0.0, 0.0, 0.0, 0.0, 0.0, 0.0, 0.0,Neutral
9146, 0, 369.698, 0.98, 1, 0.22, 0.21, 1.33, 0.39, 0.77, 0.95, 0.12, 0.82, 0.73, 1.49, 1.55, 2.03, 1.49, 1.61, 1.00, 0.45, 1.04, 0.0, 0.0, 1.0, 0.0, 0.0, 0.0, 0.0, 1.0, 0.0, 1.0, 0.0, 1.0, 0.0, 0.0, 0.0, 0.0, 0.0, 0.0,Neutral
9147, 0, 369.729, 0.98, 1, 0.40, 0.30, 1.35, 0.31, 0.84, 1.00, 0.10, 0.83, 0.68, 1.43, 1.36, 1.78, 1.41, 1.50, 0.74, 0.10, 1.20, 0.0, 0.0, 1.0, 1.0, 0.0, 0.0, 0.0, 1.0, 0.0, 1.0, 0.0, 0.0, 0.0, 0.0, 0.0, 0.0, 0.0, 0.0,Neutral
9148, 0, 369.760, 0.98, 1, 0.25, 0.17, 1.21, 0.05, 0.83, 0.66, 0.34, 0.91, 0.72, 1.49, 1.53, 1.86, 1.39, 1.45, 1.01, 0.10, 1.10, 0.0, 0.0, 1.0, 1.0, 0.0, 0.0, 0.0, 0.0, 0.0, 1.0, 0.0, 0.0, 0.0, 0.0, 0.0, 0.0, 0.0, 0.0,Neutral
9149, 0, 369.810, 0.98, 1, 0.24, 0.67, 1.35, 0.47, 0.78, 1.34, 0.36, 1.18, 0.71, 1.60, 1.38, 1.72, 1.46, 1.51, 0.71, 0.27, 1.03, 0.0, 0.0, 1.0, 0.0, 0.0, 0.0, 0.0, 1.0, 0.0, 1.0, 0.0, 0.0, 0.0, 0.0, 0.0, 0.0, 0.0, 0.0,Neutral
9150, 0, 369.859, 0.98, 1, 0.17, 0.04, 1.22, 0.59, 0.88, 1.11, 0.40, 1.02, 0.66, 1.54, 1.35, 1.64, 1.60, 1.37, 0.93, 0.23, 1.26, 0.0, 0.0, 1.0, 1.0, 0.0, 0.0, 0.0, 1.0, 0.0, 1.0, 0.0, 0.0, 0.0, 0.0, 0.0, 0.0, 0.0, 0.0,Neutral
9151, 0, 369.890, 0.98, 1, 0.22, 0.49, 1.48, 0.45, 0.88, 1.23, 0.28, 0.82, 0.68, 1.40, 1.33, 1.77, 1.72, 1.43, 0.67, 0.13, 1.27, 0.0, 0.0, 1.0, 1.0, 0.0, 0.0, 0.0, 0.0, 0.0, 1.0, 0.0, 0.0, 0.0, 0.0, 0.0, 0.0, 0.0, 0.0,Neutral
9152, 0, 369.939, 0.98, 1, 0.23, 0.31, 1.66, 0.29, 0.84, 1.34, 0.33, 0.94, 0.59, 1.64, 1.50, 1.76, 1.43, 1.44, 1.14, 0.24, 1.37, 0.0, 0.0, 1.0, 0.0, 0.0, 0.0, 0.0, 1.0, 0.0, 1.0, 0.0, 0.0, 0.0, 0.0, 0.0, 0.0, 0.0, 0.0,Neutral
9153, 0, 369.969, 0.98, 1, 0.13, 0.14, 1.54, 0.43, 0.78, 1.46, 0.17, 0.87, 0.70, 1.19, 1.57, 1.86, 1.51, 1.52, 1.01, 0.34, 1.25, 0.0, 0.0, 1.0, 0.0, 0.0, 0.0, 0.0, 1.0, 0.0, 1.0, 0.0, 0.0, 0.0, 0.0, 0.0, 0.0, 0.0, 0.0,Neutral
9154, 0, 370.002, 0.98, 1, 0.01, 0.52, 1.55, 0.50, 0.82, 1.24, 0.28, 0.85, 0.64, 1.44, 1.35, 1.69, 1.66, 1.50, 0.90, 0.18, 1.32, 0.0, 0.0, 1.0, 1.0, 0.0, 0.0, 0.0, 0.0, 0.0, 1.0, 0.0, 0.0, 0.0, 0.0, 0.0, 0.0, 0.0, 0.0,Neutral
9155, 0, 370.052, 0.98, 1, 0.13, 0.24, 1.54, 0.44, 0.76, 0.81, 0.06, 0.94, 0.77, 1.26, 1.45, 1.71, 1.47, 1.49, 0.89, 0.19, 1.27, 0.0, 0.0, 1.0, 0.0, 0.0, 0.0, 0.0, 1.0, 0.0, 1.0, 0.0, 0.0, 0.0, 0.0, 0.0, 0.0, 0.0, 0.0,Neutral
9156, 0, 370.104, 0.98, 1, 0.04, 0.27, 1.47, 0.53, 0.77, 1.53, 0.20, 1.00, 0.60, 1.20, 1.69, 1.76, 1.48, 1.47, 1.03, 0.38, 1.55, 0.0, 0.0, 1.0, 1.0, 0.0, 0.0, 0.0, 1.0, 0.0, 1.0, 0.0, 0.0, 0.0, 0.0, 0.0, 0.0, 0.0, 0.0,Neutral
9157, 0, 370.129, 0.98, 1, 0.26, 0.47, 1.60, 0.60, 0.81, 1.01, 0.12, 0.80, 0.62, 1.57, 1.28, 1.69, 1.28, 1.50, 1.01, 0.00, 1.45, 0.0, 0.0, 1.0, 0.0, 0.0, 0.0, 0.0, 0.0, 0.0, 1.0, 0.0, 0.0, 0.0, 0.0, 0.0, 0.0, 0.0, 0.0,Neutral
9158, 0, 370.162, 0.98, 1, 0.22, 0.40, 1.57, 0.65, 0.67, 1.02, 0.08, 0.70, 0.62, 1.49, 1.37, 1.81, 1.43, 1.58, 0.79, 0.12, 1.56, 0.0, 0.0, 1.0, 1.0, 0.0, 0.0, 0.0, 0.0, 0.0, 1.0, 0.0, 0.0, 0.0, 0.0, 0.0, 0.0, 0.0, 0.0,Neutral
9159, 0, 370.211, 0.98, 1, 0.29, 0.36, 1.50, 0.42, 0.80, 1.21, 0.25, 0.77, 0.73, 1.58, 1.43, 1.45, 1.57, 1.53, 0.89, 0.00, 1.51, 0.0, 0.0, 1.0, 0.0, 0.0, 0.0, 0.0, 0.0, 0.0, 1.0, 0.0, 0.0, 0.0, 0.0, 0.0, 0.0, 0.0, 0.0,Neutral
9160, 0, 370.257, 0.98, 1, 0.25, 0.57, 1.26, 0.68, 0.84, 1.15, 0.09, 0.80, 0.70, 1.58, 1.22, 1.67, 1.51, 1.51, 0.97, 0.10, 1.69, 0.0, 0.0, 1.0, 0.0, 0.0, 0.0, 0.0, 1.0, 0.0, 1.0, 0.0, 0.0, 0.0, 0.0, 0.0, 0.0, 0.0, 0.0,Neutral
9161, 0, 370.289, 0.98, 1, 0.19, 0.41, 1.82, 0.35, 0.75, 1.40, 0.17, 0.80, 0.62, 1.49, 1.40, 1.85, 1.26, 1.46, 0.86, 0.13, 1.40, 0.0, 0.0, 1.0, 0.0, 0.0, 0.0, 0.0, 0.0, 0.0, 1.0, 0.0, 0.0, 0.0, 0.0, 0.0, 0.0, 0.0, 0.0,Neutral
9162, 0, 370.336, 0.98, 1, 0.39, 0.57, 1.56, 0.26, 0.77, 1.21, 0.13, 0.80, 0.68, 1.51, 1.51, 1.83, 1.51, 1.52, 1.02, 0.23, 1.65, 0.0, 0.0, 1.0, 0.0, 0.0, 0.0, 0.0, 0.0, 0.0, 1.0, 0.0, 0.0, 0.0, 0.0, 0.0, 0.0, 0.0, 0.0,Neutral
9163, 0, 370.370, 0.98, 1, 0.22, 0.00, 1.62, 0.62, 0.86, 1.25, 0.33, 0.87, 0.64, 1.67, 1.58, 1.88, 1.53, 1.51, 1.04, 0.27, 1.44, 0.0, 0.0, 1.0, 0.0, 0.0, 0.0, 0.0, 1.0, 0.0, 1.0, 0.0, 0.0, 0.0, 0.0, 0.0, 0.0, 0.0, 0.0,Neutral
9164, 0, 370.396, 0.98, 1, 0.19, 0.00, 1.59, 0.50, 0.84, 1.13, 0.30, 0.81, 0.63, 1.64, 1.55, 1.90, 1.45, 1.53, 1.04, 0.23, 1.47, 0.0, 0.0, 1.0, 0.0, 0.0, 0.0, 0.0, 1.0, 0.0, 1.0, 0.0, 0.0, 0.0, 0.0, 0.0, 0.0, 0.0, 0.0,Neutral
9165, 0, 370.418, 0.98, 1, 0.19, 0.46, 1.68, 0.37, 0.87, 1.44, 0.15, 1.03, 0.60, 1.52, 1.81, 2.05, 1.39, 1.55, 1.00, 0.09, 1.41, 0.0, 0.0, 1.0, 0.0, 0.0, 0.0, 0.0, 1.0, 0.0, 1.0, 0.0, 0.0, 0.0, 0.0, 0.0, 0.0, 0.0, 0.0,Neutral
9166, 0, 370.449, 0.98, 1, 0.13, 0.31, 1.82, 0.05, 0.78, 1.36, 0.20, 0.96, 0.59, 1.33, 1.43, 1.86, 1.67, 1.50, 1.00, 0.29, 1.72, 0.0, 0.0, 1.0, 0.0, 0.0, 0.0, 0.0, 1.0, 0.0, 1.0, 0.0, 0.0, 0.0, 0.0, 0.0, 0.0, 0.0, 0.0,Neutral
9167, 0, 370.480, 0.98, 1, 0.09, 0.34, 1.45, 0.00, 0.78, 0.73, 0.13, 0.85, 0.63, 1.34, 1.50, 1.83, 1.59, 1.64, 1.09, 0.55, 1.30, 0.0, 0.0, 1.0, 0.0, 0.0, 0.0, 0.0, 0.0, 0.0, 1.0, 0.0, 0.0, 0.0, 0.0, 0.0, 0.0, 0.0, 0.0,Neutral
9168, 0, 370.530, 0.98, 1, 0.00, 0.38, 1.39, 0.24, 0.80, 0.92, 0.15, 0.89, 0.64, 1.29, 1.25, 1.96, 1.09, 1.69, 0.70, 0.13, 0.82, 0.0, 0.0, 1.0, 0.0, 0.0, 0.0, 0.0, 1.0, 0.0, 1.0, 0.0, 0.0, 0.0, 0.0, 0.0, 0.0, 0.0, 0.0,Neutral
9169, 0, 370.587, 0.98, 1, 0.09, 0.13, 1.49, 0.33, 0.78, 0.60, 0.21, 0.86, 0.64, 1.14, 1.43, 1.97, 1.34, 1.63, 0.84, 0.36, 0.77, 0.0, 0.0, 1.0, 1.0, 0.0, 0.0, 0.0, 0.0, 0.0, 1.0, 0.0, 0.0, 0.0, 0.0, 0.0, 0.0, 0.0, 0.0,Neutral
9170, 0, 370.629, 0.98, 1, 0.06, 0.38, 1.40, 0.00, 0.77, 0.79, 0.26, 0.89, 0.69, 1.35, 1.25, 1.85, 1.59, 1.71, 0.61, 0.08, 1.20, 0.0, 0.0, 1.0, 1.0, 0.0, 0.0, 0.0, 1.0, 0.0, 1.0, 0.0, 0.0, 0.0, 0.0, 0.0, 0.0, 0.0, 0.0,Neutral
9171, 0, 370.681, 0.98, 1, 0.00, 0.14, 1.37, 0.25, 0.71, 0.74, 0.16, 0.96, 0.63, 1.18, 1.18, 1.95, 1.38, 1.59, 0.71, 0.07, 0.99, 0.0, 0.0, 1.0, 1.0, 0.0, 0.0, 0.0, 0.0, 0.0, 1.0, 0.0, 0.0, 0.0, 0.0, 0.0, 0.0, 0.0, 0.0,Neutral
9172, 0, 370.722, 0.98, 1, 0.18, 0.47, 1.50, 0.51, 0.83, 0.88, 0.13, 1.09, 0.61, 1.35, 1.29, 2.12, 1.48, 1.66, 0.93, 0.55, 1.13, 0.0, 0.0, 1.0, 1.0, 0.0, 0.0, 0.0, 1.0, 0.0, 1.0, 0.0, 0.0, 0.0, 0.0, 0.0, 0.0, 0.0, 0.0,Neutral
9173, 0, 370.771, 0.98, 1, 0.24, 0.47, 1.53, 0.16, 0.73, 0.92, 0.15, 0.97, 0.66, 1.36, 1.37, 2.03, 1.20, 1.65, 0.65, 0.19, 1.08, 0.0, 0.0, 1.0, 1.0, 0.0, 0.0, 0.0, 1.0, 0.0, 1.0, 0.0, 0.0, 0.0, 0.0, 0.0, 0.0, 0.0, 0.0,Neutral
9174, 0, 370.821, 0.98, 1, 0.38, 0.46, 1.41, 0.45, 0.73, 0.56, 0.35, 1.00, 0.59, 1.26, 1.51, 1.77, 1.40, 1.53, 0.99, 0.39, 0.80, 0.0, 0.0, 1.0, 1.0, 0.0, 0.0, 0.0, 1.0, 0.0, 1.0, 0.0, 0.0, 0.0, 0.0, 0.0, 0.0, 0.0, 0.0,Neutral
9175, 0, 370.847, 0.98, 1, 0.12, 0.31, 1.72, 0.30, 0.68, 0.68, 0.18, 0.86, 0.74, 1.34, 1.58, 1.90, 1.44, 1.70, 0.94, 0.38, 1.18, 0.0, 0.0, 1.0, 1.0, 0.0, 0.0, 0.0, 0.0, 0.0, 1.0, 0.0, 0.0, 0.0, 0.0, 0.0, 0.0, 0.0, 0.0,Neutral
9176, 0, 370.880, 0.98, 1, 0.38, 0.29, 1.54, 0.21, 0.81, 0.67, 0.21, 1.14, 0.61, 1.51, 1.37, 1.69, 1.25, 1.55, 0.67, 0.14, 1.20, 0.0, 0.0, 1.0, 0.0, 0.0, 0.0, 0.0, 1.0, 0.0, 1.0, 0.0, 0.0, 0.0, 0.0, 0.0, 0.0, 0.0, 0.0,Neutral
9177, 0, 370.929, 0.98, 1, 0.12, 0.02, 1.21, 0.41, 0.70, 0.49, 0.20, 1.02, 0.78, 1.62, 1.55, 1.99, 1.63, 1.52, 1.01, 0.44, 0.96, 0.0, 0.0, 1.0, 1.0, 0.0, 0.0, 0.0, 1.0, 0.0, 1.0, 0.0, 0.0, 0.0, 0.0, 0.0, 0.0, 0.0, 0.0,Neutral
9178, 0, 370.987, 0.98, 1, 0.19, 0.35, 1.58, 0.28, 0.79, 0.77, 0.28, 1.12, 0.61, 1.57, 1.46, 1.69, 1.46, 1.44, 0.71, 0.18, 1.18, 0.0, 0.0, 1.0, 0.0, 0.0, 0.0, 0.0, 1.0, 0.0, 1.0, 0.0, 0.0, 0.0, 0.0, 0.0, 0.0, 0.0, 0.0,Neutral
4434, 0, 176.757, 0.98, 1, 0.87, 0.29, 2.48, 1.27, 0.66, 1.59, 0.11, 1.11, 0.16, 0.25, 0.88, 1.15, 1.49, 0.73, 0.73, 1.53, 0.17, 1.0, 0.0, 1.0, 0.0, 0.0, 0.0, 0.0, 0.0, 0.0, 0.0, 0.0, 1.0, 1.0, 0.0, 1.0, 1.0, 0.0, 1.0,Sad
4435, 0, 176.788, 0.98, 1, 1.17, 0.46, 2.57, 1.28, 0.67, 1.64, 0.09, 1.40, 0.25, 0.23, 0.98, 1.27, 1.20, 0.65, 0.68, 1.28, 0.15, 1.0, 0.0, 1.0, 0.0, 0.0, 0.0, 0.0, 1.0, 0.0, 0.0, 1.0, 1.0, 1.0, 0.0, 1.0, 1.0, 0.0, 0.0,Sad
4436, 0, 176.816, 0.98, 1, 1.04, 0.34, 2.63, 1.23, 0.71, 1.59, 0.07, 1.22, 0.17, 0.11, 0.79, 1.45, 1.30, 0.61, 0.57, 1.27, 0.00, 1.0, 0.0, 1.0, 0.0, 0.0, 0.0, 0.0, 0.0, 0.0, 0.0, 1.0, 1.0, 1.0, 0.0, 1.0, 1.0, 0.0, 0.0,Sad
4437, 0, 176.852, 0.98, 1, 0.90, 0.37, 2.68, 1.34, 0.70, 1.84, 0.12, 1.52, 0.18, 0.35, 0.95, 1.10, 1.41, 0.69, 0.76, 1.26, 0.00, 1.0, 0.0, 1.0, 0.0, 0.0, 0.0, 0.0, 1.0, 0.0, 0.0, 1.0, 0.0, 1.0, 0.0, 1.0, 1.0, 0.0, 1.0,Sad
4438, 0, 176.898, 0.98, 1, 0.96, 0.25, 2.59, 1.33, 0.79, 1.48, 0.14, 1.67, 0.26, 0.46, 0.57, 1.24, 1.28, 0.64, 0.61, 1.76, 0.01, 1.0, 0.0, 1.0, 0.0, 0.0, 0.0, 0.0, 1.0, 0.0, 0.0, 1.0, 1.0, 1.0, 0.0, 1.0, 1.0, 0.0, 1.0,Sad
4439, 0, 176.929, 0.98, 1, 0.94, 0.04, 2.63, 1.43, 0.63, 1.68, 0.12, 1.37, 0.18, 0.48, 0.87, 1.42, 1.22, 0.75, 0.52, 1.40, 0.14, 1.0, 0.0, 1.0, 0.0, 0.0, 0.0, 0.0, 1.0, 0.0, 0.0, 1.0, 1.0, 1.0, 0.0, 1.0, 1.0, 0.0, 1.0,Sad
4440, 0, 176.978, 0.98, 1, 0.93, 0.17, 2.48, 1.40, 0.70, 1.75, 0.08, 1.22, 0.16, 0.10, 0.77, 1.38, 1.06, 0.79, 0.73, 1.53, 0.00, 1.0, 0.0, 1.0, 0.0, 0.0, 0.0, 0.0, 1.0, 0.0, 0.0, 0.0, 1.0, 1.0, 0.0, 1.0, 1.0, 0.0, 0.0,Sad
4441, 0, 177.029, 0.98, 1, 1.10, 0.22, 2.62, 1.46, 0.65, 1.63, 0.12, 1.16, 0.09, 0.29, 0.81, 1.33, 1.43, 0.72, 0.61, 1.51, 0.06, 1.0, 0.0, 1.0, 0.0, 0.0, 0.0, 0.0, 0.0, 0.0, 0.0, 0.0, 1.0, 1.0, 0.0, 1.0, 1.0, 0.0, 1.0,Sad
4442, 0, 177.056, 0.98, 1, 0.92, 0.27, 2.41, 1.22, 0.49, 1.56, 0.12, 1.43, 0.18, 0.28, 0.73, 1.21, 1.05, 0.69, 0.62, 1.36, 0.01, 1.0, 0.0, 1.0, 0.0, 0.0, 0.0, 0.0, 1.0, 0.0, 0.0, 0.0, 1.0, 1.0, 0.0, 1.0, 1.0, 0.0, 1.0,Sad
4443, 0, 177.091, 0.98, 1, 1.00, 0.59, 2.49, 1.53, 0.68, 1.89, 0.16, 1.41, 0.18, 0.17, 0.55, 1.04, 0.99, 0.62, 0.62, 1.38, 0.19, 1.0, 0.0, 1.0, 0.0, 0.0, 0.0, 0.0, 0.0, 0.0, 0.0, 0.0, 0.0, 1.0, 0.0, 1.0, 1.0, 0.0, 1.0,Sad
4444, 0, 177.139, 0.98, 1, 0.87, 0.33, 2.51, 1.44, 0.76, 1.55, 0.16, 1.27, 0.23, 0.32, 0.80, 1.05, 1.55, 0.62, 0.75, 1.44, 0.10, 1.0, 0.0, 1.0, 0.0, 0.0, 0.0, 0.0, 0.0, 0.0, 0.0, 0.0, 0.0, 1.0, 0.0, 1.0, 1.0, 0.0, 1.0,Sad
4445, 0, 177.169, 0.98, 1, 0.87, 0.00, 2.53, 1.16, 0.65, 1.76, 0.08, 1.58, 0.08, 0.35, 0.77, 1.12, 1.36, 0.67, 0.51, 1.16, 0.00, 1.0, 0.0, 1.0, 0.0, 0.0, 0.0, 0.0, 1.0, 0.0, 0.0, 0.0, 1.0, 1.0, 0.0, 1.0, 1.0, 0.0, 1.0,Sad
4446, 0, 177.216, 0.98, 1, 1.01, 0.22, 2.57, 1.59, 0.70, 1.99, 0.13, 1.25, 0.21, 0.33, 1.08, 1.24, 1.36, 0.64, 0.76, 1.20, 0.18, 1.0, 0.0, 1.0, 0.0, 0.0, 0.0, 0.0, 1.0, 0.0, 0.0, 1.0, 1.0, 1.0, 0.0, 1.0, 1.0, 0.0, 1.0,Sad
4447, 0, 177.249, 0.98, 1, 1.17, 0.60, 2.72, 1.25, 0.65, 1.74, 0.23, 1.27, 0.12, 0.60, 0.86, 1.32, 1.50, 0.67, 0.73, 1.29, 0.00, 1.0, 0.0, 1.0, 0.0, 0.0, 0.0, 0.0, 0.0, 0.0, 1.0, 1.0, 1.0, 1.0, 0.0, 1.0, 1.0, 0.0, 0.0,Sad
4448, 0, 177.296, 0.98, 1, 0.92, 0.28, 2.70, 1.28, 0.70, 1.69, 0.20, 1.36, 0.21, 0.42, 1.00, 1.26, 1.30, 0.63, 0.59, 1.31, 0.00, 1.0, 0.0, 1.0, 0.0, 0.0, 0.0, 0.0, 1.0, 0.0, 0.0, 1.0, 1.0, 1.0, 0.0, 1.0, 1.0, 0.0, 1.0,Sad
4449, 0, 177.328, 0.98, 1, 1.18, 0.68, 2.69, 1.20, 0.69, 1.61, 0.18, 1.41, 0.25, 0.35, 0.79, 1.28, 1.45, 0.70, 0.73, 1.43, 0.00, 1.0, 0.0, 1.0, 0.0, 0.0, 0.0, 0.0, 0.0, 0.0, 0.0, 0.0, 1.0, 1.0, 0.0, 1.0, 1.0, 0.0, 1.0,Sad
4450, 0, 177.375, 0.98, 1, 1.01, 0.35, 2.78, 1.42, 0.63, 1.46, 0.20, 1.47, 0.24, 0.49, 1.01, 1.44, 1.39, 0.70, 0.75, 1.35, 0.00, 1.0, 0.0, 1.0, 0.0, 0.0, 0.0, 0.0, 1.0, 0.0, 1.0, 1.0, 1.0, 1.0, 0.0, 1.0, 1.0, 0.0, 1.0,Sad
4451, 0, 177.396, 0.98, 1, 1.00, 0.32, 2.72, 1.32, 0.62, 1.36, 0.16, 1.47, 0.24, 0.60, 1.08, 1.46, 1.43, 0.71, 0.71, 1.34, 0.00, 1.0, 0.0, 1.0, 0.0, 0.0, 0.0, 0.0, 1.0, 0.0, 1.0, 1.0, 1.0, 1.0, 0.0, 1.0, 1.0, 0.0, 1.0,Sad
4452, 0, 177.434, 0.98, 1, 0.96, 0.00, 2.53, 1.21, 0.61, 1.43, 0.18, 1.46, 0.17, 0.40, 0.64, 1.28, 1.51, 0.67, 0.82, 1.22, 0.11, 1.0, 0.0, 1.0, 0.0, 0.0, 0.0, 0.0, 1.0, 0.0, 0.0, 1.0, 1.0, 1.0, 0.0, 1.0, 1.0, 0.0, 1.0,Sad
4453, 0, 177.456, 0.98, 1, 0.94, 0.34, 2.44, 1.33, 0.64, 1.51, 0.21, 1.39, 0.17, 0.23, 0.92, 1.40, 1.28, 0.80, 0.68, 1.31, 0.00, 1.0, 0.0, 1.0, 0.0, 0.0, 0.0, 0.0, 1.0, 0.0, 0.0, 1.0, 1.0, 1.0, 0.0, 1.0, 1.0, 0.0, 1.0,Sad
4454, 0, 177.489, 0.98, 1, 0.87, 0.14, 2.50, 1.45, 0.68, 1.77, 0.20, 1.45, 0.24, 0.44, 0.66, 1.45, 1.27, 0.80, 0.76, 1.55, 0.05, 1.0, 0.0, 1.0, 0.0, 0.0, 0.0, 0.0, 1.0, 0.0, 1.0, 0.0, 1.0, 1.0, 0.0, 1.0, 1.0, 0.0, 1.0,Sad
4455, 0, 177.537, 0.98, 1, 0.98, 0.43, 2.42, 1.22, 0.73, 1.81, 0.06, 1.22, 0.18, 0.23, 0.71, 1.40, 1.35, 0.73, 0.82, 1.38, 0.06, 1.0, 0.0, 1.0, 0.0, 0.0, 0.0, 0.0, 1.0, 0.0, 0.0, 0.0, 1.0, 1.0, 0.0, 1.0, 1.0, 0.0, 1.0,Sad
4456, 0, 177.560, 0.98, 1, 0.95, 0.42, 2.40, 1.19, 0.73, 1.76, 0.04, 1.25, 0.17, 0.17, 0.74, 1.39, 1.42, 0.72, 0.84, 1.36, 0.00, 1.0, 0.0, 1.0, 0.0, 0.0, 0.0, 0.0, 1.0, 0.0, 0.0, 1.0, 1.0, 1.0, 0.0, 1.0, 1.0, 0.0, 1.0,Sad
4457, 0, 177.580, 0.98, 1, 1.02, 0.47, 2.47, 1.58, 0.63, 1.74, 0.01, 1.49, 0.21, 0.44, 0.78, 1.32, 1.37, 0.67, 0.70, 1.12, 0.12, 1.0, 0.0, 1.0, 0.0, 0.0, 0.0, 0.0, 0.0, 0.0, 0.0, 1.0, 1.0, 1.0, 0.0, 1.0, 1.0, 0.0, 1.0,Sad
4458, 0, 177.617, 0.98, 1, 0.92, 0.27, 2.51, 1.27, 0.64, 1.62, 0.15, 1.36, 0.27, 0.37, 0.61, 1.29, 1.23, 0.73, 0.84, 1.50, 0.00, 1.0, 0.0, 1.0, 0.0, 0.0, 0.0, 0.0, 1.0, 0.0, 0.0, 1.0, 1.0, 1.0, 0.0, 1.0, 1.0, 0.0, 1.0,Sad
4459, 0, 177.651, 0.98, 1, 1.03, 0.19, 2.39, 1.26, 0.57, 1.33, 0.09, 1.40, 0.18, 0.10, 0.78, 1.31, 1.60, 0.70, 0.71, 1.40, 0.06, 1.0, 0.0, 1.0, 0.0, 0.0, 0.0, 0.0, 1.0, 0.0, 0.0, 1.0, 1.0, 1.0, 0.0, 1.0, 1.0, 0.0, 1.0,Sad
4460, 0, 177.696, 0.98, 1, 1.01, 0.13, 2.63, 1.43, 0.64, 1.50, 0.10, 1.29, 0.12, 0.27, 0.77, 1.42, 1.25, 0.79, 0.63, 1.41, 0.00, 1.0, 0.0, 1.0, 0.0, 0.0, 0.0, 0.0, 0.0, 0.0, 0.0, 1.0, 1.0, 1.0, 0.0, 1.0, 1.0, 0.0, 1.0,Sad
4461, 0, 177.729, 0.98, 1, 0.95, 0.10, 2.30, 1.23, 0.60, 1.58, 0.06, 1.42, 0.15, 0.18, 0.67, 1.27, 1.35, 0.74, 0.83, 1.35, 0.07, 1.0, 0.0, 1.0, 0.0, 0.0, 0.0, 0.0, 1.0, 0.0, 0.0, 1.0, 1.0, 1.0, 0.0, 1.0, 1.0, 0.0, 1.0,Sad
4462, 0, 177.777, 0.98, 1, 1.00, 0.24, 2.59, 1.21, 0.67, 1.68, 0.19, 1.33, 0.18, 0.36, 1.01, 1.33, 1.34, 0.71, 0.85, 1.35, 0.10, 1.0, 0.0, 1.0, 0.0, 0.0, 0.0, 0.0, 0.0, 0.0, 0.0, 1.0, 1.0, 1.0, 0.0, 1.0, 1.0, 0.0, 1.0,Sad
4463, 0, 177.803, 0.98, 1, 0.98, 0.23, 2.52, 1.25, 0.67, 1.68, 0.18, 1.33, 0.19, 0.29, 1.04, 1.29, 1.36, 0.67, 0.90, 1.44, 0.00, 1.0, 0.0, 1.0, 0.0, 0.0, 0.0, 0.0, 1.0, 0.0, 0.0, 1.0, 1.0, 1.0, 0.0, 1.0, 1.0, 0.0, 1.0,Sad
4464, 0, 177.834, 0.98, 1, 1.04, 0.57, 2.54, 1.40, 0.68, 2.12, 0.07, 1.38, 0.09, 0.25, 0.72, 1.44, 1.20, 0.77, 0.61, 1.20, 0.00, 1.0, 0.0, 1.0, 0.0, 0.0, 0.0, 0.0, 1.0, 0.0, 0.0, 1.0, 1.0, 1.0, 0.0, 1.0, 1.0, 0.0, 1.0,Sad
4465, 0, 177.856, 0.98, 1, 1.04, 0.21, 2.58, 1.28, 0.63, 1.56, 0.10, 1.46, 0.28, 0.57, 0.87, 1.52, 1.20, 0.69, 0.71, 1.32, 0.00, 1.0, 0.0, 1.0, 0.0, 0.0, 0.0, 0.0, 1.0, 0.0, 0.0, 1.0, 1.0, 1.0, 0.0, 1.0, 1.0, 0.0, 1.0,Sad
4466, 0, 177.889, 0.98, 1, 0.93, 0.25, 2.67, 1.51, 0.73, 1.07, 0.00, 1.42, 0.23, 0.25, 0.72, 1.33, 1.44, 0.82, 0.49, 1.27, 0.00, 1.0, 0.0, 1.0, 0.0, 0.0, 0.0, 0.0, 1.0, 0.0, 0.0, 1.0, 1.0, 1.0, 0.0, 0.0, 1.0, 0.0, 1.0,Sad
4467, 0, 177.941, 0.98, 1, 1.22, 0.62, 2.59, 1.47, 0.63, 1.27, 0.00, 1.27, 0.19, 0.03, 0.93, 1.23, 1.24, 0.75, 0.52, 1.22, 0.00, 1.0, 0.0, 1.0, 0.0, 0.0, 0.0, 0.0, 1.0, 0.0, 0.0, 0.0, 1.0, 1.0, 0.0, 1.0, 1.0, 0.0, 1.0,Sad
4468, 0, 177.991, 0.98, 1, 0.93, 0.45, 2.68, 1.26, 0.75, 1.99, 0.01, 1.42, 0.21, 0.22, 0.83, 1.21, 1.15, 0.74, 0.51, 1.13, 0.13, 1.0, 0.0, 1.0, 0.0, 0.0, 0.0, 0.0, 1.0, 0.0, 0.0, 1.0, 1.0, 1.0, 0.0, 1.0, 1.0, 0.0, 1.0,Sad
4469, 0, 178.028, 0.98, 1, 0.95, 0.49, 2.81, 1.27, 0.76, 1.52, 0.05, 1.43, 0.34, 0.35, 1.06, 1.28, 0.96, 0.74, 0.71, 1.28, 0.22, 1.0, 0.0, 1.0, 0.0, 0.0, 0.0, 0.0, 1.0, 0.0, 0.0, 1.0, 1.0, 1.0, 0.0, 1.0, 1.0, 0.0, 1.0,Sad
4470, 0, 178.052, 0.98, 1, 0.82, 0.08, 2.48, 1.45, 0.71, 1.73, 0.00, 1.34, 0.27, 0.02, 0.82, 1.03, 1.44, 0.66, 0.46, 1.25, 0.00, 1.0, 0.0, 1.0, 0.0, 0.0, 0.0, 0.0, 0.0, 0.0, 0.0, 0.0, 1.0, 1.0, 0.0, 1.0, 1.0, 0.0, 1.0,Sad
4471, 0, 178.098, 0.98, 1, 1.07, 0.45, 2.68, 1.19, 0.62, 1.65, 0.10, 1.47, 0.18, 0.31, 0.83, 1.30, 1.13, 0.78, 0.53, 1.34, 0.32, 1.0, 0.0, 1.0, 0.0, 0.0, 0.0, 0.0, 1.0, 0.0, 0.0, 1.0, 1.0, 1.0, 0.0, 1.0, 1.0, 0.0, 1.0,Sad
4472, 0, 178.130, 0.98, 1, 0.74, 0.07, 2.47, 0.88, 0.60, 1.65, 0.01, 1.27, 0.24, 0.36, 0.82, 1.18, 1.23, 0.75, 0.57, 1.48, 0.07, 1.0, 0.0, 1.0, 0.0, 0.0, 0.0, 0.0, 0.0, 0.0, 0.0, 0.0, 1.0, 1.0, 0.0, 1.0, 1.0, 0.0, 1.0,Sad
4473, 0, 178.178, 0.98, 1, 1.08, 0.53, 2.66, 1.31, 0.62, 1.67, 0.04, 1.34, 0.19, 0.27, 0.76, 1.24, 1.32, 0.69, 0.61, 1.26, 0.00, 1.0, 0.0, 1.0, 0.0, 0.0, 0.0, 0.0, 0.0, 0.0, 0.0, 0.0, 1.0, 1.0, 0.0, 1.0, 1.0, 0.0, 1.0,Sad
4474, 0, 178.231, 0.98, 1, 1.22, 0.72, 2.63, 1.29, 0.59, 1.64, 0.07, 1.37, 0.24, 0.25, 0.90, 1.21, 1.24, 0.67, 0.58, 1.24, 0.11, 1.0, 0.0, 1.0, 0.0, 0.0, 0.0, 0.0, 0.0, 0.0, 0.0, 1.0, 1.0, 1.0, 0.0, 1.0, 1.0, 0.0, 1.0,Sad
4475, 0, 178.258, 0.98, 1, 0.85, 0.40, 2.53, 1.54, 0.72, 1.58, 0.00, 1.38, 0.32, 0.27, 0.81, 1.42, 1.29, 0.74, 0.69, 1.44, 0.07, 1.0, 0.0, 1.0, 0.0, 0.0, 0.0, 0.0, 1.0, 0.0, 0.0, 1.0, 1.0, 1.0, 0.0, 1.0, 1.0, 0.0, 1.0,Sad
4476, 0, 178.289, 0.98, 1, 0.90, 0.11, 2.51, 1.30, 0.65, 1.67, 0.05, 1.31, 0.22, 0.37, 0.73, 1.46, 1.14, 0.78, 0.74, 1.41, 0.25, 1.0, 0.0, 1.0, 0.0, 0.0, 0.0, 0.0, 0.0, 0.0, 0.0, 1.0, 1.0, 1.0, 0.0, 1.0, 1.0, 0.0, 1.0,Sad
4477, 0, 178.336, 0.98, 1, 0.86, 0.42, 2.68, 1.47, 0.66, 1.32, 0.10, 1.25, 0.26, 0.58, 0.84, 1.51, 1.25, 0.83, 0.56, 1.25, 0.41, 1.0, 0.0, 1.0, 0.0, 0.0, 0.0, 0.0, 1.0, 0.0, 1.0, 1.0, 1.0, 1.0, 0.0, 0.0, 1.0, 0.0, 1.0,Sad
4478, 0, 178.363, 0.98, 1, 0.88, 0.39, 2.65, 1.53, 0.65, 1.53, 0.11, 1.24, 0.22, 0.55, 0.76, 1.56, 1.28, 0.89, 0.56, 1.27, 0.42, 1.0, 0.0, 1.0, 0.0, 0.0, 0.0, 0.0, 1.0, 0.0, 1.0, 1.0, 1.0, 1.0, 0.0, 0.0, 1.0, 0.0, 1.0,Sad
4479, 0, 178.387, 0.98, 1, 0.93, 0.30, 2.74, 1.16, 0.70, 1.33, 0.01, 1.70, 0.27, 0.54, 0.79, 1.42, 1.22, 0.85, 0.65, 1.51, 0.00, 1.0, 0.0, 1.0, 0.0, 0.0, 0.0, 0.0, 1.0, 0.0, 1.0, 1.0, 1.0, 1.0, 0.0, 1.0, 1.0, 0.0, 1.0,Sad
4480, 0, 178.416, 0.98, 1, 0.76, 0.11, 2.26, 1.06, 0.77, 1.47, 0.00, 1.43, 0.27, 0.44, 0.99, 1.32, 1.42, 0.70, 0.73, 1.25, 0.07, 1.0, 0.0, 1.0, 0.0, 0.0, 0.0, 0.0, 0.0, 0.0, 0.0, 1.0, 1.0, 1.0, 0.0, 1.0, 1.0, 0.0, 1.0,Sad
4481, 0, 178.449, 0.98, 1, 1.06, 0.58, 2.57, 1.39, 0.61, 1.45, 0.13, 1.40, 0.27, 0.42, 1.02, 1.37, 1.29, 0.72, 0.76, 1.46, 0.03, 1.0, 0.0, 1.0, 0.0, 0.0, 0.0, 0.0, 0.0, 0.0, 0.0, 1.0, 1.0, 1.0, 0.0, 1.0, 1.0, 0.0, 1.0,Sad
4482, 0, 178.496, 0.98, 1, 1.14, 0.44, 2.52, 1.36, 0.71, 1.57, 0.07, 1.58, 0.27, 0.19, 0.72, 1.20, 1.21, 0.73, 0.78, 1.43, 0.09, 1.0, 0.0, 1.0, 0.0, 0.0, 0.0, 0.0, 1.0, 0.0, 0.0, 0.0, 1.0, 1.0, 0.0, 1.0, 1.0, 0.0, 1.0,Sad
4483, 0, 178.527, 0.98, 1, 0.86, 0.48, 2.24, 1.38, 0.54, 1.19, 0.00, 1.28, 0.22, 0.24, 0.86, 1.23, 1.12, 0.81, 0.78, 1.50, 0.11, 1.0, 0.0, 1.0, 0.0, 0.0, 0.0, 0.0, 0.0, 0.0, 0.0, 1.0, 1.0, 1.0, 0.0, 1.0, 1.0, 0.0, 1.0,Sad
4885, 0, 194.151, 0.98, 1, 3.50, 3.24, 0.00, 3.05, 0.00, 0.00, 0.00, 0.00, 0.40, 0.00, 1.64, 0.00, 0.66, 0.00, 1.33, 1.49, 0.64, 1.0, 1.0, 1.0, 1.0, 0.0, 0.0, 0.0, 0.0, 0.0, 0.0, 0.0, 0.0, 0.0, 0.0, 1.0, 1.0, 0.0, 1.0,Surprise
4886, 0, 194.183, 0.98, 1, 3.73, 3.33, 0.00, 3.57, 0.00, 0.00, 0.00, 0.00, 0.44, 0.00, 1.55, 0.00, 0.51, 0.00, 1.30, 1.57, 1.03, 1.0, 1.0, 0.0, 1.0, 0.0, 0.0, 0.0, 0.0, 0.0, 0.0, 0.0, 0.0, 0.0, 0.0, 1.0, 1.0, 0.0, 1.0,Surprise
4887, 0, 194.226, 0.98, 1, 3.58, 3.45, 0.00, 2.99, 0.00, 0.00, 0.00, 0.00, 0.47, 0.00, 1.46, 0.00, 0.56, 0.00, 1.34, 1.39, 1.07, 1.0, 1.0, 1.0, 1.0, 0.0, 0.0, 0.0, 0.0, 0.0, 0.0, 0.0, 0.0, 0.0, 0.0, 1.0, 1.0, 0.0, 1.0,Surprise
4888, 0, 194.269, 0.98, 1, 3.72, 3.46, 0.00, 3.41, 0.00, 0.00, 0.00, 0.00, 0.36, 0.00, 1.65, 0.00, 0.48, 0.00, 1.47, 1.42, 1.41, 1.0, 1.0, 1.0, 1.0, 0.0, 0.0, 0.0, 0.0, 0.0, 0.0, 0.0, 0.0, 0.0, 0.0, 1.0, 1.0, 0.0, 1.0,Surprise
4889, 0, 194.299, 0.98, 1, 3.75, 3.62, 0.00, 3.29, 0.00, 0.00, 0.00, 0.00, 0.38, 0.00, 1.60, 0.05, 0.34, 0.00, 1.33, 1.19, 0.86, 1.0, 1.0, 0.0, 1.0, 0.0, 0.0, 0.0, 0.0, 0.0, 0.0, 0.0, 0.0, 0.0, 0.0, 1.0, 1.0, 0.0, 0.0,Surprise
4890, 0, 194.336, 0.98, 1, 3.69, 3.22, 0.00, 3.55, 0.00, 0.00, 0.00, 0.00, 0.44, 0.00, 1.56, 0.17, 0.39, 0.00, 1.31, 1.44, 0.71, 1.0, 1.0, 0.0, 1.0, 0.0, 0.0, 0.0, 0.0, 0.0, 0.0, 0.0, 0.0, 0.0, 0.0, 1.0, 1.0, 0.0, 0.0,Surprise
4891, 0, 194.356, 0.98, 1, 3.67, 3.14, 0.00, 3.32, 0.00, 0.00, 0.00, 0.00, 0.44, 0.00, 1.61, 0.16, 0.42, 0.00, 1.35, 1.35, 0.75, 1.0, 1.0, 0.0, 1.0, 0.0, 0.0, 0.0, 0.0, 0.0, 0.0, 0.0, 0.0, 0.0, 0.0, 1.0, 1.0, 0.0, 0.0,Surprise
4892, 0, 194.380, 0.98, 1, 3.56, 2.97, 0.00, 3.08, 0.00, 0.00, 0.00, 0.00, 0.39, 0.00, 1.66, 0.00, 0.57, 0.00, 1.38, 1.57, 0.95, 1.0, 1.0, 1.0, 1.0, 0.0, 0.0, 0.0, 0.0, 0.0, 0.0, 0.0, 0.0, 0.0, 0.0, 1.0, 1.0, 0.0, 0.0,Surprise
4893, 0, 194.415, 0.98, 1, 3.60, 3.20, 0.00, 3.40, 0.00, 0.00, 0.00, 0.00, 0.46, 0.00, 1.41, 0.01, 0.80, 0.00, 1.32, 1.23, 1.07, 1.0, 1.0, 0.0, 1.0, 0.0, 0.0, 0.0, 0.0, 0.0, 0.0, 0.0, 0.0, 0.0, 0.0, 1.0, 1.0, 0.0, 0.0,Surprise
4894, 0, 194.448, 0.98, 1, 3.70, 3.70, 0.00, 3.40, 0.00, 0.00, 0.00, 0.00, 0.49, 0.00, 1.80, 0.06, 0.73, 0.00, 1.41, 1.35, 0.84, 1.0, 1.0, 1.0, 1.0, 0.0, 0.0, 0.0, 0.0, 0.0, 0.0, 0.0, 0.0, 0.0, 0.0, 1.0, 1.0, 0.0, 0.0,Surprise
4895, 0, 194.497, 0.98, 1, 3.56, 3.34, 0.00, 3.21, 0.00, 0.00, 0.00, 0.00, 0.46, 0.00, 1.45, 0.00, 0.49, 0.00, 1.48, 1.23, 1.20, 1.0, 1.0, 1.0, 1.0, 0.0, 0.0, 0.0, 0.0, 0.0, 0.0, 0.0, 0.0, 0.0, 0.0, 1.0, 1.0, 0.0, 1.0,Surprise
4896, 0, 194.533, 0.98, 1, 3.65, 3.20, 0.00, 3.16, 0.00, 0.00, 0.00, 0.00, 0.42, 0.00, 1.49, 0.13, 0.67, 0.00, 1.60, 1.36, 0.96, 1.0, 1.0, 0.0, 1.0, 0.0, 0.0, 0.0, 0.0, 0.0, 0.0, 0.0, 0.0, 0.0, 0.0, 1.0, 1.0, 0.0, 1.0,Surprise
4897, 0, 194.576, 0.98, 1, 3.67, 3.05, 0.00, 3.38, 0.00, 0.00, 0.00, 0.00, 0.39, 0.00, 1.69, 0.05, 0.80, 0.00, 1.52, 1.41, 1.21, 1.0, 1.0, 1.0, 1.0, 0.0, 0.0, 0.0, 0.0, 0.0, 0.0, 0.0, 0.0, 0.0, 0.0, 1.0, 1.0, 0.0, 1.0,Surprise
4898, 0, 194.609, 0.98, 1, 3.48, 2.97, 0.00, 3.43, 0.00, 0.00, 0.00, 0.00, 0.42, 0.00, 1.66, 0.00, 0.90, 0.00, 1.41, 1.42, 0.89, 1.0, 1.0, 0.0, 1.0, 0.0, 0.0, 0.0, 0.0, 0.0, 0.0, 0.0, 0.0, 0.0, 0.0, 1.0, 1.0, 0.0, 0.0,Surprise
4899, 0, 194.657, 0.98, 1, 3.38, 2.97, 0.00, 3.50, 0.00, 0.00, 0.00, 0.00, 0.39, 0.00, 1.44, 0.00, 0.75, 0.00, 1.60, 1.26, 0.95, 1.0, 1.0, 0.0, 1.0, 0.0, 0.0, 0.0, 0.0, 0.0, 0.0, 0.0, 0.0, 0.0, 0.0, 1.0, 1.0, 0.0, 0.0,Surprise
4900, 0, 194.691, 0.98, 1, 3.55, 3.19, 0.00, 3.87, 0.00, 0.00, 0.00, 0.00, 0.50, 0.00, 1.39, 0.22, 0.69, 0.00, 1.71, 1.42, 1.09, 1.0, 1.0, 0.0, 1.0, 0.0, 0.0, 0.0, 0.0, 0.0, 0.0, 0.0, 0.0, 0.0, 0.0, 1.0, 1.0, 0.0, 0.0,Surprise
4901, 0, 194.735, 0.98, 1, 3.74, 3.60, 0.00, 3.35, 0.00, 0.00, 0.00, 0.00, 0.37, 0.00, 1.71, 0.37, 0.80, 0.00, 1.53, 1.30, 0.81, 1.0, 1.0, 0.0, 1.0, 0.0, 0.0, 0.0, 0.0, 0.0, 0.0, 0.0, 0.0, 0.0, 0.0, 1.0, 1.0, 0.0, 0.0,Surprise
4902, 0, 194.762, 0.98, 1, 3.73, 3.61, 0.00, 3.44, 0.00, 0.00, 0.00, 0.00, 0.42, 0.00, 1.63, 0.29, 0.93, 0.00, 1.53, 1.40, 0.94, 1.0, 1.0, 0.0, 1.0, 0.0, 0.0, 0.0, 0.0, 0.0, 0.0, 0.0, 0.0, 0.0, 0.0, 1.0, 1.0, 0.0, 0.0,Surprise
4903, 0, 194.786, 0.98, 1, 3.52, 3.43, 0.00, 1.86, 0.00, 0.00, 0.00, 0.00, 0.38, 0.00, 1.59, 0.32, 0.66, 0.00, 1.56, 1.57, 1.65, 1.0, 1.0, 0.0, 1.0, 0.0, 0.0, 0.0, 0.0, 0.0, 0.0, 0.0, 0.0, 0.0, 0.0, 1.0, 1.0, 0.0, 1.0,Surprise
4904, 0, 194.817, 0.98, 1, 3.83, 3.56, 0.00, 1.02, 0.00, 0.00, 0.00, 0.00, 0.55, 0.00, 1.48, 0.16, 0.68, 0.00, 1.52, 1.16, 3.05, 1.0, 1.0, 0.0, 1.0, 0.0, 0.0, 0.0, 0.0, 0.0, 0.0, 0.0, 0.0, 0.0, 0.0, 1.0, 1.0, 0.0, 1.0,Surprise
4905, 0, 194.848, 0.98, 1, 3.46, 3.04, 0.00, 0.71, 0.00, 0.25, 0.00, 0.00, 0.56, 0.00, 1.57, 0.39, 0.68, 0.00, 1.65, 1.52, 2.06, 1.0, 1.0, 0.0, 1.0, 0.0, 0.0, 0.0, 0.0, 0.0, 0.0, 0.0, 0.0, 0.0, 0.0, 1.0, 1.0, 0.0, 1.0,Surprise
4906, 0, 194.899, 0.98, 1, 3.25, 3.38, 0.00, 1.56, 0.00, 0.00, 0.00, 0.00, 0.50, 0.00, 1.71, 0.42, 0.93, 0.00, 1.46, 1.57, 1.26, 1.0, 1.0, 0.0, 1.0, 0.0, 0.0, 0.0, 0.0, 0.0, 0.0, 0.0, 0.0, 0.0, 0.0, 1.0, 1.0, 0.0, 1.0,Surprise
4907, 0, 194.950, 0.98, 1, 3.09, 2.91, 0.00, 2.10, 0.00, 0.00, 0.00, 0.00, 0.48, 0.00, 1.78, 0.52, 0.76, 0.00, 1.74, 1.68, 0.70, 1.0, 1.0, 0.0, 1.0, 0.0, 0.0, 0.0, 0.0, 0.0, 0.0, 0.0, 0.0, 0.0, 0.0, 1.0, 1.0, 0.0, 1.0,Surprise
4908, 0, 194.979, 0.98, 1, 3.15, 3.49, 0.00, 2.01, 0.00, 0.00, 0.00, 0.00, 0.42, 0.00, 1.54, 0.49, 0.81, 0.00, 1.87, 1.69, 0.91, 1.0, 1.0, 0.0, 1.0, 0.0, 0.0, 0.0, 0.0, 0.0, 0.0, 0.0, 0.0, 0.0, 0.0, 1.0, 1.0, 0.0, 1.0,Surprise
4909, 0, 195.032, 0.98, 1, 3.21, 3.05, 0.00, 1.96, 0.00, 0.00, 0.00, 0.00, 0.41, 0.00, 1.45, 0.29, 0.59, 0.00, 1.72, 1.40, 0.46, 1.0, 1.0, 0.0, 1.0, 0.0, 0.0, 0.0, 0.0, 0.0, 0.0, 0.0, 0.0, 0.0, 0.0, 1.0, 1.0, 0.0, 0.0,Surprise
4910, 0, 195.060, 0.98, 1, 3.11, 3.20, 0.00, 2.09, 0.00, 0.00, 0.00, 0.00, 0.37, 0.00, 1.53, 0.44, 0.60, 0.00, 1.52, 1.33, 0.69, 1.0, 1.0, 0.0, 1.0, 0.0, 0.0, 0.0, 0.0, 0.0, 0.0, 0.0, 0.0, 0.0, 0.0, 1.0, 1.0, 0.0, 1.0,Surprise
4911, 0, 195.096, 0.98, 1, 3.09, 3.00, 0.00, 2.32, 0.00, 0.00, 0.00, 0.00, 0.43, 0.00, 1.57, 0.40, 0.81, 0.00, 1.59, 1.49, 0.68, 1.0, 1.0, 0.0, 1.0, 0.0, 0.0, 0.0, 0.0, 0.0, 0.0, 0.0, 0.0, 0.0, 0.0, 1.0, 1.0, 0.0, 1.0,Surprise
4912, 0, 195.159, 0.98, 1, 3.16, 3.49, 0.00, 2.66, 0.00, 0.00, 0.00, 0.00, 0.46, 0.00, 1.42, 0.60, 0.90, 0.00, 1.78, 1.35, 0.72, 1.0, 1.0, 0.0, 1.0, 0.0, 0.0, 0.0, 0.0, 0.0, 0.0, 0.0, 0.0, 0.0, 0.0, 1.0, 1.0, 0.0, 1.0,Surprise
4913, 0, 195.203, 0.98, 1, 3.32, 3.57, 0.00, 2.63, 0.00, 0.00, 0.00, 0.00, 0.45, 0.00, 1.49, 0.43, 0.74, 0.00, 1.60, 1.40, 0.55, 1.0, 1.0, 0.0, 1.0, 0.0, 0.0, 0.0, 0.0, 0.0, 0.0, 0.0, 0.0, 0.0, 0.0, 1.0, 1.0, 0.0, 0.0,Surprise
4914, 0, 195.263, 0.98, 1, 3.23, 3.22, 0.00, 2.76, 0.00, 0.00, 0.00, 0.00, 0.33, 0.00, 1.58, 0.62, 0.60, 0.00, 1.40, 1.38, 0.36, 1.0, 1.0, 0.0, 1.0, 0.0, 0.0, 0.0, 0.0, 0.0, 0.0, 0.0, 0.0, 0.0, 0.0, 1.0, 1.0, 0.0, 1.0,Surprise
4915, 0, 195.297, 0.98, 1, 2.91, 3.42, 0.00, 2.28, 0.00, 0.00, 0.00, 0.00, 0.47, 0.00, 1.61, 0.50, 0.77, 0.00, 1.45, 1.44, 0.43, 1.0, 1.0, 0.0, 1.0, 0.0, 0.0, 0.0, 0.0, 0.0, 0.0, 0.0, 0.0, 0.0, 0.0, 1.0, 1.0, 0.0, 0.0,Surprise
4916, 0, 195.331, 0.98, 1, 2.99, 2.79, 0.00, 2.39, 0.00, 0.00, 0.00, 0.00, 0.44, 0.00, 1.57, 0.62, 0.79, 0.00, 1.58, 1.31, 0.69, 1.0, 1.0, 0.0, 1.0, 0.0, 0.0, 0.0, 0.0, 0.0, 0.0, 0.0, 0.0, 0.0, 0.0, 1.0, 1.0, 0.0, 0.0,Surprise
4917, 0, 195.375, 0.98, 1, 3.06, 3.12, 0.00, 2.48, 0.00, 0.00, 0.00, 0.00, 0.38, 0.00, 1.70, 0.70, 0.49, 0.00, 1.33, 1.42, 0.77, 1.0, 1.0, 0.0, 1.0, 0.0, 0.0, 0.0, 0.0, 0.0, 0.0, 0.0, 0.0, 0.0, 0.0, 1.0, 1.0, 0.0, 1.0,Surprise
4918, 0, 195.402, 0.98, 1, 3.07, 3.12, 0.00, 2.48, 0.00, 0.00, 0.00, 0.00, 0.37, 0.00, 1.69, 0.72, 0.46, 0.00, 1.33, 1.44, 0.78, 1.0, 1.0, 0.0, 1.0, 0.0, 0.0, 0.0, 0.0, 0.0, 0.0, 0.0, 0.0, 0.0, 0.0, 1.0, 1.0, 0.0, 1.0,Surprise
4919, 0, 195.423, 0.98, 1, 3.09, 3.18, 0.00, 2.58, 0.00, 0.00, 0.00, 0.00, 0.30, 0.00, 1.57, 0.72, 0.60, 0.00, 1.33, 1.55, 0.61, 1.0, 1.0, 0.0, 1.0, 0.0, 0.0, 0.0, 0.0, 0.0, 0.0, 0.0, 0.0, 0.0, 0.0, 1.0, 1.0, 0.0, 1.0,Surprise
4920, 0, 195.456, 0.98, 1, 3.17, 3.29, 0.00, 2.98, 0.00, 0.00, 0.00, 0.00, 0.39, 0.00, 1.88, 0.47, 0.95, 0.00, 1.43, 1.23, 0.61, 1.0, 1.0, 0.0, 1.0, 0.0, 0.0, 0.0, 0.0, 0.0, 0.0, 0.0, 0.0, 0.0, 0.0, 1.0, 1.0, 0.0, 1.0,Surprise
4921, 0, 195.488, 0.98, 1, 2.98, 3.08, 0.00, 2.43, 0.00, 0.00, 0.00, 0.00, 0.42, 0.00, 1.55, 0.48, 0.69, 0.00, 1.66, 1.42, 0.63, 1.0, 1.0, 0.0, 1.0, 0.0, 0.0, 0.0, 0.0, 0.0, 0.0, 0.0, 0.0, 0.0, 0.0, 1.0, 1.0, 0.0, 1.0,Surprise
4922, 0, 195.538, 0.98, 1, 2.75, 2.92, 0.00, 2.05, 0.00, 0.00, 0.00, 0.00, 0.37, 0.00, 1.28, 0.34, 0.85, 0.00, 1.45, 1.42, 0.61, 1.0, 1.0, 0.0, 1.0, 0.0, 0.0, 0.0, 0.0, 0.0, 0.0, 0.0, 0.0, 0.0, 0.0, 1.0, 1.0, 0.0, 1.0,Surprise
4923, 0, 195.600, 0.98, 1, 2.93, 3.03, 0.00, 2.36, 0.00, 0.00, 0.00, 0.00, 0.32, 0.00, 1.49, 0.50, 0.63, 0.00, 1.40, 1.46, 0.64, 1.0, 1.0, 0.0, 1.0, 0.0, 0.0, 0.0, 0.0, 0.0, 0.0, 0.0, 0.0, 0.0, 0.0, 1.0, 1.0, 0.0, 1.0,Surprise
4924, 0, 195.638, 0.98, 1, 2.83, 3.01, 0.22, 2.33, 0.00, 0.00, 0.00, 0.00, 0.44, 0.00, 1.62, 0.21, 0.71, 0.00, 1.57, 1.33, 0.75, 1.0, 1.0, 1.0, 1.0, 0.0, 0.0, 0.0, 0.0, 0.0, 0.0, 0.0, 0.0, 0.0, 0.0, 1.0, 1.0, 0.0, 1.0,Surprise
4925, 0, 195.665, 0.98, 1, 2.50, 2.92, 0.00, 2.09, 0.00, 0.07, 0.00, 0.00, 0.35, 0.00, 1.47, 0.26, 0.86, 0.00, 1.35, 1.46, 0.81, 1.0, 1.0, 0.0, 1.0, 0.0, 0.0, 0.0, 0.0, 0.0, 0.0, 0.0, 0.0, 0.0, 0.0, 1.0, 1.0, 0.0, 1.0,Surprise
4926, 0, 195.697, 0.98, 1, 2.66, 3.09, 0.00, 2.11, 0.00, 0.00, 0.00, 0.00, 0.33, 0.00, 1.46, 0.38, 0.88, 0.00, 1.31, 1.44, 0.74, 1.0, 1.0, 1.0, 1.0, 0.0, 0.0, 0.0, 0.0, 0.0, 0.0, 0.0, 0.0, 0.0, 0.0, 1.0, 1.0, 0.0, 1.0,Surprise
4927, 0, 195.730, 0.98, 1, 2.88, 3.16, 0.01, 2.11, 0.00, 0.00, 0.00, 0.00, 0.27, 0.00, 1.32, 0.30, 0.88, 0.00, 1.25, 1.38, 0.90, 1.0, 1.0, 1.0, 1.0, 0.0, 0.0, 0.0, 0.0, 0.0, 0.0, 0.0, 0.0, 0.0, 0.0, 1.0, 1.0, 0.0, 1.0,Surprise
4928, 0, 195.784, 0.98, 1, 2.74, 2.73, 0.00, 2.07, 0.00, 0.00, 0.00, 0.00, 0.41, 0.00, 1.47, 0.25, 1.03, 0.00, 1.43, 1.26, 1.00, 1.0, 1.0, 0.0, 1.0, 0.0, 0.0, 0.0, 0.0, 0.0, 0.0, 0.0, 0.0, 0.0, 0.0, 1.0, 1.0, 0.0, 1.0,Surprise
4929, 0, 195.820, 0.98, 1, 2.79, 2.85, 0.03, 2.11, 0.00, 0.06, 0.00, 0.00, 0.30, 0.00, 1.55, 0.25, 0.66, 0.00, 1.61, 1.16, 1.02, 1.0, 1.0, 1.0, 1.0, 0.0, 0.0, 0.0, 0.0, 0.0, 0.0, 0.0, 0.0, 0.0, 0.0, 1.0, 1.0, 0.0, 1.0,Surprise
4930, 0, 195.855, 0.98, 1, 2.82, 2.76, 0.00, 2.27, 0.00, 0.00, 0.00, 0.00, 0.35, 0.00, 1.64, 0.24, 0.80, 0.00, 1.45, 1.09, 0.80, 1.0, 1.0, 1.0, 1.0, 0.0, 0.0, 0.0, 0.0, 0.0, 0.0, 0.0, 0.0, 0.0, 0.0, 1.0, 1.0, 0.0, 1.0,Surprise
4931, 0, 195.889, 0.98, 1, 2.92, 3.00, 0.00, 2.50, 0.00, 0.00, 0.00, 0.00, 0.36, 0.00, 1.58, 0.44, 0.76, 0.00, 1.46, 1.42, 0.92, 1.0, 1.0, 1.0, 1.0, 0.0, 0.0, 0.0, 0.0, 0.0, 0.0, 0.0, 0.0, 0.0, 0.0, 1.0, 1.0, 0.0, 1.0,Surprise
4932, 0, 195.937, 0.98, 1, 2.91, 2.79, 0.09, 2.21, 0.00, 0.00, 0.00, 0.00, 0.36, 0.00, 1.36, 0.17, 0.73, 0.00, 1.22, 1.05, 1.00, 1.0, 1.0, 1.0, 1.0, 0.0, 0.0, 0.0, 0.0, 0.0, 0.0, 0.0, 0.0, 0.0, 0.0, 1.0, 1.0, 0.0, 1.0,Surprise
4933, 0, 195.961, 0.98, 1, 2.95, 2.83, 0.14, 2.24, 0.00, 0.00, 0.00, 0.00, 0.36, 0.00, 1.44, 0.23, 0.65, 0.00, 1.26, 1.06, 0.99, 1.0, 1.0, 1.0, 1.0, 0.0, 0.0, 0.0, 0.0, 0.0, 0.0, 0.0, 0.0, 0.0, 0.0, 1.0, 1.0, 0.0, 1.0,Surprise
4934, 0, 195.987, 0.98, 1, 2.90, 2.89, 0.00, 2.38, 0.00, 0.00, 0.00, 0.00, 0.37, 0.00, 1.70, 0.20, 0.68, 0.00, 1.19, 1.04, 0.73, 1.0, 1.0, 1.0, 1.0, 0.0, 0.0, 0.0, 0.0, 0.0, 0.0, 0.0, 0.0, 0.0, 0.0, 1.0, 1.0, 0.0, 1.0,Surprise
